Description,Price Was,Price,Percent Off,Rating,Review Count,URL
"Nylon-Jaw Chain-Nose Pliers, Delicate Craft Tools, Jewelry Making Supplies",,$14.26,0%,4.6 out of 5 stars,609,https://www.amazon.com/Nylon-Jaw-Chain-Nose-Delicate-Jewelry-Supplies/dp/B005LR1X2Q/ref=sr_1_5?keywords=bracelet+bending+pliers&qid=1656003673&sr=8-5
Pack of 19 Bracelet Bending Pliers Aluminum Bracelet Blanks Ring Bending Pliers Bracelet Bender Tool Metal Stamp Bracelet Blanks Jewelry Forming Tool for Making Bracelets,,$24.99,0%,4.5 out of 5 stars,2,https://www.amazon.com/Bracelet-Bending-Aluminum-Jewelry-Bracelets/dp/B09R8Z6TFN/ref=sr_1_6?keywords=bracelet+bending+pliers&qid=1656003673&sr=8-6
Double Cylinder Bracelet Bending Pliers 1 & 1 3/8 Inch,,$19.99,0%,4.8 out of 5 stars,11,https://www.amazon.com/Double-Cylinder-Bracelet-Bending-Pliers/dp/B079CRDPW7/ref=sr_1_7?keywords=bracelet+bending+pliers&qid=1656003673&sr=8-7
Vouiu Bracelet Bending Pliers,,$13.97,0%,4.3 out of 5 stars,380,https://www.amazon.com/vouiu-Vouiu-Bracelet-Bending-Pliers/dp/B07GLHTYRF/ref=sr_1_8?keywords=bracelet+bending+pliers&qid=1656003673&sr=8-8
KADA Bending Plier for Circle Jewelry Glasses Bracelet Bangle Plate with Nylon Jaw Curved Plier,,$12.99,0%,4.1 out of 5 stars,24,https://www.amazon.com/KADA-Bending-Jewelry-Glasses-Bracelet/dp/B089FDQ7BV/ref=sr_1_9?keywords=bracelet+bending+pliers&qid=1656003673&sr=8-9
Vouiu Bracelet Bending Pliers with Nylon Jaw Accessories,,$15.97,0%,4.3 out of 5 stars,77,https://www.amazon.com/Vouiu-Bracelet-Bending-Pliers-Accessories/dp/B07NYQTJPK/ref=sr_1_10?keywords=bracelet+bending+pliers&qid=1656003673&sr=8-10
AAProTools Bracelet Bending Pliers with Nylon Jaw Accessories Black Dip,,$11.59,0%,4.7 out of 5 stars,4,https://www.amazon.com/AAProTools-Bracelet-Bending-Pliers-Accessories/dp/B085NXJDPX/ref=sr_1_11?keywords=bracelet+bending+pliers&qid=1656003673&sr=8-11
"ImpressArt Bracelet Bending Pliers - Jewelry Forming Tool, for Shaping Bracelets, Cuffs, and Metal Strip Blanks",$30.48,$21.95,-27.99%,4.6 out of 5 stars,414,https://www.amazon.com/ImpressArt-Bracelet-Bending-Pliers-Bracelets/dp/B010BVBJ84/ref=sr_1_12?keywords=bracelet+bending+pliers&qid=1656003673&sr=8-12
"G.S ONLINE STORE, Jewelry Bracelet Plier Tool, Bracelet Forming Repair Spring Bending Nylon Jaws Ring Plier",,$11.59,0%,4.5 out of 5 stars,7,https://www.amazon.com/G-S-Jewelry-Bracelet-Forming-Bending/dp/B08PBYMHN5/ref=sr_1_13?keywords=bracelet+bending+pliers&qid=1656003673&sr=8-13
Bracelet Bending Pliers | PLR-840.00,,$18.95,0%,4.2 out of 5 stars,99,https://www.amazon.com/EuroTool-PLR-840-00-Bracelet-Bending-Pliers/dp/B0058EDF4G/ref=sr_1_14?keywords=bracelet+bending+pliers&qid=1656003673&sr=8-14
Bracelet Bending Pliers Round/Half Round 1 3/8 Inch,,$20.99,0%,4.3 out of 5 stars,2,https://www.amazon.com/Bracelet-Bending-Pliers-Round-Half/dp/B07MVX3GM9/ref=sr_1_15?keywords=bracelet+bending+pliers&qid=1656003673&sr=8-15
Jewelry Pliers Stainless Steel Bracelet Jewelry Repair Tool Forming Spring Bending Nylon Jaws Ring Plier Tool Professional Jewelry Making Tool,,$16.93,0%,3.8 out of 5 stars,14,https://www.amazon.com/Bracelet-Jewelry-Repair-Forming-Bending/dp/B07Q32T9FW/ref=sr_1_16?keywords=bracelet+bending+pliers&qid=1656003673&sr=8-16
"Ring Bending Pliers, Nylon Jaw - Jewelry Making Supplies, Bending And Wrapping Metal Tool (Green) by G.S Online Store",$15.49,$13.49,-12.91%,4.0 out of 5 stars,61,https://www.amazon.com/G-S-Ring-Bending-Pliers-Nylon/dp/B08P5N8RZ5/ref=sr_1_21?keywords=bracelet+bending+pliers&qid=1656003673&sr=8-21
"Mazbot Nylon Jaw Bracelet Bending Forming Pliers Jewelry Making Beading Hand Tool, 6.5-Inch",,$19.95,0%,4.6 out of 5 stars,45,https://www.amazon.com/Mazbot-Bracelet-Bending-Forming-6-5-Inch/dp/B015JVE85M/ref=sr_1_22?keywords=bracelet+bending+pliers&qid=1656003673&sr=8-22
"PRECISE CANADA Bending Pliers - Jewelry Forming Tool, for Shaping Bracelets, Cuffs, and Metal Strip Blanks",,$11.39,0%,4.0 out of 5 stars,4,https://www.amazon.com/PRECISE-CANADA-Bending-Pliers-Bracelets/dp/B08PCT6V4B/ref=sr_1_23?keywords=bracelet+bending+pliers&qid=1656003673&sr=8-23
"The Beadsmith Double Nylon Jaw Ring Bending Plier, 5.5 inches (140mm), Black PVC comfort grip handle, no spring, for protecting wire when bending",,$18.69,0%,4.2 out of 5 stars,13,https://www.amazon.com/Beadsmith-Ring-Bending-Pliers-Nylon/dp/B07FCV1YSL/ref=sr_1_24?keywords=bracelet+bending+pliers&qid=1656003673&sr=8-24
Mazbot Nylon Jaw Bracelet Bending Pliers,,$15.95,0%,4.3 out of 5 stars,65,https://www.amazon.com/Mazbot-Nylon-Bracelet-Bending-Pliers/dp/B00HZLAK84/ref=sr_1_25?keywords=bracelet+bending+pliers&qid=1656003673&sr=8-25
Miland Bracelet Bending Pliers Round/Half Round 1 3/8 Inch,,$31.89,0%,No reviews,0,https://www.amazon.com/Miland-Bracelet-Bending-Pliers-Round/dp/B078CXQZPP/ref=sr_1_26?keywords=bracelet+bending+pliers&qid=1656003673&sr=8-26
19 Piece Metal Stamping kit Bracelet Blank with Bracelet Bending Pliers and Bracelet Bending Bar Black Stamp Marker Aluminum Bangle Blank 2 Size for DIY Jewelry Making Present Valentine's Day,$33.99,$30.99,-8.83%,3.7 out of 5 stars,14,https://www.amazon.com/Stamping-Bracelet-Bending-Aluminum-Valentines/dp/B09MFGX6FT/ref=sr_1_27?keywords=bracelet+bending+pliers&qid=1656003673&sr=8-27
Artistic Wire Nylon Jaw Bending Pliers,,$17.99,0%,4.4 out of 5 stars,14,https://www.amazon.com/Artistic-Wire-Nylon-Bending-Pliers/dp/B01BU9D6RI/ref=sr_1_28?keywords=bracelet+bending+pliers&qid=1656003673&sr=8-28
Bow Closing V Shape 5 Inch Brass Jaw Ring Shaping Bending Forming Pliers,,$19.95,0%,4.4 out of 5 stars,40,https://www.amazon.com/Closing-Shaping-Bending-Forming-Pliers/dp/B0172A2VXE/ref=sr_1_29?keywords=bracelet+bending+pliers&qid=1656003673&sr=8-29
"Ring Plier Tool, Bracelet Bending, Firm for Bending Rings Bracelet Jewelry Repair Tool",,$15.00,0%,3.0 out of 5 stars,1,https://www.amazon.com/Plier-Bracelet-Bending-Jewelry-Repair/dp/B08YRGB22V/ref=sr_1_30?keywords=bracelet+bending+pliers&qid=1656003673&sr=8-30
Mazbot Smooth Bracelet Bending Parallel Pliers,,$21.95,0%,5.0 out of 5 stars,4,https://www.amazon.com/Mazbot-Smooth-Bracelet-Bending-Parallel/dp/B0829C8W7Q/ref=sr_1_31?keywords=bracelet+bending+pliers&qid=1656003673&sr=8-31
"OdontoMed2011 Bracelet Bending Pliers - Jewelry Forming Tool, for Shaping Bracelets, Cuffs, and Metal Strip Blanks Red Pvc Handle Grip",,$11.49,0%,5.0 out of 5 stars,2,https://www.amazon.com/OdontoMed2011-Bracelet-Bending-Pliers-Bracelets/dp/B09FZD13KM/ref=sr_1_32?keywords=bracelet+bending+pliers&qid=1656003673&sr=8-32
"6 Step Jewelry Bail Making Pliers, AngleKai 3-10mm Wire Looping Forming Pliers Wire Wrapping Tools Looper Pliers for Jewelry Making with Non-Slip Handle Round Nose Pliers Wire Bending Pliers (1)",,$9.99,0%,4.6 out of 5 stars,110,https://www.amazon.com/AngleKai-Making-Looping-Forming-Jewelry/dp/B092V8NVFR/ref=sr_1_37?keywords=bracelet+bending+pliers&qid=1656003673&sr=8-37
Ring Bender Ring Making Tool Ring Bending Tool with Nylon Dies Jewelry Tools Ring Maker Tool Ring Sizer Measuring Tool Ring Mandrel Ring Sizer Guage Ring Sizer Belt,,$177.00,0%,No reviews,0,https://www.amazon.com/Bender-Bending-Jewelry-Measuring-Mandrel/dp/B09PJMWPN8/ref=sr_1_39?keywords=bracelet+bending+pliers&qid=1656003673&sr=8-39
2 Pcs Ring Making Kit Chain Nose Pliers Bending and Wrapping Metal Tool Stainless Steel Ring Bender Ring Bending Tool Delicate Craft Tools Wire Bending Pliers Jewelry Pliers Bracelet Making Supplies,,$23.99,0%,3.0 out of 5 stars,15,https://www.amazon.com/Wrapping-Stainless-Delicate-Bracelet-Supplies/dp/B09MS7HPYW/ref=sr_1_40?keywords=bracelet+bending+pliers&qid=1656003673&sr=8-40
Ezbender Bracelet Bending Bar by Beadsmith,$10.98,$9.96,-9.29%,4.8 out of 5 stars,80,https://www.amazon.com/Ezbender-Bracelet-Bending-Bar-Beadsmith/dp/B0791ZTFTS/ref=sr_1_41?keywords=bracelet+bending+pliers&qid=1656003673&sr=8-41
"ImpressArt - Essential Bracelet Kit for Making Metal Stamping Blank Bracelets Includes Bracelet Bending Bar, Bracelet Bending Pliers, Enamel Sample, Bracelet Guides and 8 Bracelet Blanks",$57.50,$52.98,-7.86%,4.6 out of 5 stars,684,https://www.amazon.com/ImpressArt-Essential-Bracelet-Stamping-Bracelets/dp/B092KF25VM/ref=sr_1_42?keywords=bracelet+bending+pliers&qid=1656003673&sr=8-42
"ImpressArt - Bridgette Metal Stamping Kit and Bracelet Making Kit, All Tools & Supplies for Hand Stamping Craft Projects, DIY Jewelry Making & Keepsakes",$184.00,$170.47,-7.35%,4.6 out of 5 stars,45,https://www.amazon.com/ImpressArt-Bridgette-Stamping-Bracelet-Keepsakes/dp/B0932GKDZK/ref=sr_1_43?keywords=bracelet+bending+pliers&qid=1656003673&sr=8-43
"The Beadsmith Bent Chain-Nose Pliers for Crafting and Repair, Jewelry Making Supplies",$8.99,$7.10,-21.02%,4.7 out of 5 stars,"1,817",https://www.amazon.com/Beadsmith-Chain-Nose-Crafting-Jewelry-Supplies/dp/B00IP5O51W/ref=sr_1_44?keywords=bracelet+bending+pliers&qid=1656003673&sr=8-44
vouiu 5.8inch Bail Making Pliers 6 Step,,$8.97,0%,4.8 out of 5 stars,226,https://www.amazon.com/vouiu-5-8inch-Bail-Making-Pliers/dp/B08CKLYGH8/ref=sr_1_45?keywords=bracelet+bending+pliers&qid=1656003673&sr=8-45
SUNNYCLUE 4.5 Inch Pink Round Concave Pliers Wire Looping Pliers Mini Precision Pliers Wire Bending Tools for DIY Jewelry Making Hobby Projects,,$9.99,0%,4.4 out of 5 stars,438,https://www.amazon.com/SUNNYCLUE-Concave-Looping-Precision-Projects/dp/B07PNBDWB2/ref=sr_1_46?keywords=bracelet+bending+pliers&qid=1656003673&sr=8-46
Premium German Double Nylon Jaw Chain Nose Pliers Tool for Wire Bending-100% Guranteed,,$14.99,0%,4.5 out of 5 stars,53,https://www.amazon.com/Premium-German-Double-Bending-100-Guranteed/dp/B07RN9M5P2/ref=sr_1_47?keywords=bracelet+bending+pliers&qid=1656003673&sr=8-47
Ring Bending Pliers Round/Half Round 3/4 Inch,,$21.99,0%,3.5 out of 5 stars,25,https://www.amazon.com/Ring-Bending-Pliers-Round-Half/dp/B07N19BX2J/ref=sr_1_48?keywords=bracelet+bending+pliers&qid=1656003673&sr=8-48
"4469 Cousin Nylon Jaw Craft and Jewelry Pliers Green 5 1/2"" 1",,$5.65,0%,4.4 out of 5 stars,"2,225",https://www.amazon.com/Cousin-4469-Jewelry-Pliers-2-Inch/dp/B000GBT8TM/ref=sr_1_49?keywords=bracelet+bending+pliers&qid=1656003673&sr=8-49
"The Beadsmith Wire Bending Pliers - Consistently make up to 6 size loops & jump rings, 2-9mm - 5.75"" long (160mm) - Polished Steel Head, Comfort Grip Handle, Tool for Jewelry Making",$15.95,$11.75,-26.33%,4.8 out of 5 stars,"4,627",https://www.amazon.com/Beadsmith-Wire-Bending-Pliers-Consistently/dp/B00E8RT8BI/ref=sr_1_50?keywords=bracelet+bending+pliers&qid=1656003673&sr=8-50
"Eurotool Nylon Jaw Deep Bending Plier, 5-3/4 Inches, Model: PLR-849.00",,$19.99,0%,5.0 out of 5 stars,4,https://www.amazon.com/Eurotool-Nylon-Bending-Plier-Inches/dp/B016L38RLS/ref=sr_1_51?keywords=bracelet+bending+pliers&qid=1656003673&sr=8-51
Bastex 4 in 1 Bracelet Bending Jig Tool. Includes Four Different Wrist Sizes. Handmade Wooden Tool for Bending Metal Stamping Blank Bracelets. Will Never Scratch Your Metal,,$19.99,0%,4.2 out of 5 stars,306,https://www.amazon.com/Bastex-Bracelet-Different-Handmade-Bracelets/dp/B0813ZNCFH/ref=sr_1_52?keywords=bracelet+bending+pliers&qid=1656003673&sr=8-52
The Beadsmith EZ Bender - Metal Elements - Made of Hardened Steel - 7 x 1 x 1.25 inches - Tool for Making Cuff Bracelets - Create Perfectly Curved Bracelets Without a Mallet,,$8.99,0%,4.7 out of 5 stars,476,https://www.amazon.com/Beadsmith-EZ-Bender-Bracelets-Perfectly/dp/B00UR95BG2/ref=sr_1_53?keywords=bracelet+bending+pliers&qid=1656003673&sr=8-53
"Jewelry Pliers Set, Paxcoo 3Pcs Jewelry Making Pliers Tools Kit includes Needle Nose Pliers, Round Nose Pliers, Wire Cutters for Jewelry Making Supplies, Wire Wrapping, DIY Crafts, Beading",,$8.99,0%,4.5 out of 5 stars,593,https://www.amazon.com/Jewelry-Cutters-Supplies-Wrapping-Beading/dp/B09B1P2N64/ref=sr_1_54?keywords=bracelet+bending+pliers&qid=1656003673&sr=8-54
"PRECISE CANADA Ring Bending Pliers, Nylon Jaw - Jewelry Making Supplies, Bending and Wrapping Metal Tool, PVC Red Handle",,$11.39,0%,3.6 out of 5 stars,29,https://www.amazon.com/PRECISE-CANADA-Bending-Pliers-Nylon/dp/B08PCTTZTG/ref=sr_1_55?keywords=bracelet+bending+pliers&qid=1656003673&sr=8-55
"2Pack Bail Making Pliers, 6 in 1 Wire Looping Forming Pliers with Antislip Grip Handle for Bending 3-10mm Loops and Jump Rings(6 Types), Wire Bending Pliers for Jewelry Making to Shape Rings Tool",,$12.99,0%,5.0 out of 5 stars,1,https://www.amazon.com/CertBuy-Looping-Forming-Non-Slip-Comfort/dp/B095YT6BBH/ref=sr_1_56?keywords=bracelet+bending+pliers&qid=1656003673&sr=8-56
"Thrilez Jewelry Wire Wrapping Jewelry Making Supplies Kit with Craft Ring Wire, Jewelry Tools, Jewelry Pliers and Jewelry Findings for Jewelry Repair, Wire Wrapping and Beading",,$21.99,0%,4.6 out of 5 stars,"1,222",https://www.amazon.com/Thrilez-Wrapping-Jewelry-Supplies-Findings/dp/B08L6MPGS2/ref=sr_1_57?keywords=bracelet+bending+pliers&qid=1656003673&sr=8-57
"Anezus 4Pcs Jewelry Pliers Tool Set Includes Needle Nose Pliers, Round Nose Pliers, Wire Cutters and Bent Nose Pliers for Jewelry Beading Repair Making Supplies",,$10.99,0%,4.5 out of 5 stars,"1,989",https://www.amazon.com/Anezus-Jewelry-Cutters-Beading-Supplies/dp/B07HJ57WPL/ref=sr_1_58?keywords=bracelet+bending+pliers&qid=1656003673&sr=8-58
Beadsmith 3-Step Wire Looping Pliers Concave and Round Nose,,$11.45,0%,4.5 out of 5 stars,366,https://www.amazon.com/Beadsmith-3-Step-Looping-Pliers-Concave/dp/B005025UFI/ref=sr_1_59?keywords=bracelet+bending+pliers&qid=1656003673&sr=8-59
"The Beadsmith Bow Closing Pliers – Nylon Jaw Ring Bending Tool – 5.5 Inches (140mm) – Used for Closing and Adjusting Pendant Bow, Rings, & Loops",,$17.73,0%,4.3 out of 5 stars,48,https://www.amazon.com/BeadSmith-Bending-Pliers-Shape-Adjust/dp/B005KL3S12/ref=sr_1_60?keywords=bracelet+bending+pliers&qid=1656003673&sr=8-60
"Jewelry Pliers,2pcs Jewelry Making Pliers Tools with Round Nose Pliers for Jewelry Repair,Wire Wrapping,Crafts,Jewelry Making Supplies",,$10.98,0%,4.5 out of 5 stars,123,https://www.amazon.com/Pliers-Jewelry-Looping-Wrapping-Beading/dp/B07X4HWBS4/ref=sr_1_53?keywords=bracelet+bending+pliers&qid=1656003680&sr=8-53
"Eurotool Pliers, Silver",$33.47,$22.99,-31.31%,4.1 out of 5 stars,141,https://www.amazon.com/EURO-TOOL-XTL-0120-Eurotool-Pliers/dp/B0058EDF8C/ref=sr_1_54_mod_primary_new?keywords=bracelet+bending+pliers&qid=1656003680&sbo=RZvfv%2F%2FHxDF%2BO5021pAnSA%3D%3D&sr=8-54
SUNNYCLUE 5.4 Inch Double Nylon Jaw Flat Nose Pliers Mini Precision Pliers Wire Forming Bending Tools for DIY Jewelry Making Hobby Projects Pink,,$14.39,0%,4.5 out of 5 stars,16,https://www.amazon.com/SUNNYCLUE-Precision-Forming-Bending-Projects/dp/B09511C4T6/ref=sr_1_55?keywords=bracelet+bending+pliers&qid=1656003680&sr=8-55
BENECREAT 6 in 1 Bail Making Pliers Wire Looping Forming Pliers with Non-slip Comfort Grip Handle for 3mm to 10mm Loops and Jump Rings,,$11.49,0%,4.8 out of 5 stars,"1,153",https://www.amazon.com/BENECREAT-Looping-Forming-Non-Slip-Comfort/dp/B07WPBJZMT/ref=sr_1_56?keywords=bracelet+bending+pliers&qid=1656003680&sr=8-56
The Beadsmith Concave (Hollow)/Round Nose Piers – Wire Looping and Wire Bending Plier – 5 inches (127mm) – Steel Head & Double Leaf Springs – European Design & Quality – Tool for Jewelry Making,$18.99,$10.99,-42.13%,4.6 out of 5 stars,713,https://www.amazon.com/Beadsmith-Wire-Looping-Pliers-Concave/dp/B0032U7WT2/ref=sr_1_57?keywords=bracelet+bending+pliers&qid=1656003680&sr=8-57
"6 In 1 Bail Making Pliers, Coolrunner 6 Step Wire Looping Pliers With Anti Slip Handle Bail Making Pliers for Jewelry Making Wire Bending Tool for Bending 3-10mm Bails, Loops, Hooks, Jump Rings",,$9.99,0%,4.7 out of 5 stars,178,https://www.amazon.com/Making-Coolrunner-Looping-Jewelry-Bending/dp/B0956V73CD/ref=sr_1_58?keywords=bracelet+bending+pliers&qid=1656003680&sr=8-58
"OdontoMed2011 Bracelet Bending Pliers - Jewelry Forming Tool, for Shaping Bracelets, Cuffs, and Metal Strip Blanks Green Pvc Handle Grip",,$11.49,0%,5.0 out of 5 stars,1,https://www.amazon.com/OdontoMed2011-Bracelet-Bending-Pliers-Bracelets/dp/B09FZGLYT3/ref=sr_1_59?keywords=bracelet+bending+pliers&qid=1656003680&sr=8-59
"Cousin 4460 Craft & Jewelry Making Tool Kit, 3-Piece",,$8.73,0%,4.7 out of 5 stars,"6,855",https://www.amazon.com/Cousin-4460-Craft-Jewelry-3-Piece/dp/B000XZUCLE/ref=sr_1_60?keywords=bracelet+bending+pliers&qid=1656003680&sr=8-60
Forca RTGS-298 Jewelry Ring and Bracelet Shaping Bending Pliers for Wire and Flat Stock Metal,,$59.95,0%,3.5 out of 5 stars,23,https://www.amazon.com/Forca-RTGS-298-Jewelry-Bracelet-Shaping/dp/B009DK5VS4/ref=sr_1_61?keywords=bracelet+bending+pliers&qid=1656003680&sr=8-61
"Jewelry Pliers, Shynek 3pcs Jewelry Making Pliers Tools with Needle Nose Pliers/Chain Nose Pliers, Round Nose Pliers and Wire Cutter for Jewelry Repair, Wire Wrapping, Crafts, Jewelry Making Supplies",,$8.99,0%,4.6 out of 5 stars,"6,035",https://www.amazon.com/Jewelry-Pliers-Shynek-Wrapping-Supplies/dp/B07ZGFK411/ref=sr_1_62?keywords=bracelet+bending+pliers&qid=1656003680&sr=8-62
"Rustark Jewelry Tool Set 3 Piece Jewelry Pliers Including Bent Nose Pliers, Nylon Jaw Pliers, 60-Step Bail Making Pliers Jewelry Making Kit with Case for Beading, Looping, Shaping Wire, DIY Crafts",$21.54,$16.98,-21.17%,4.4 out of 5 stars,66,https://www.amazon.com/Rustark-Jewelry-Including-60-Step-Bail-Making-Pliers/dp/B07VDJY1VT/ref=sr_1_63?keywords=bracelet+bending+pliers&qid=1656003680&sr=8-63
vouiu Nylon Jaw Pliers Jewelry Making Tools,,$7.47,0%,4.6 out of 5 stars,"1,148",https://www.amazon.com/vouiu-Nylon-Pliers-Jewelry-Making/dp/B08763578D/ref=sr_1_64?keywords=bracelet+bending+pliers&qid=1656003680&sr=8-64
"2 Pieces Jewelry Pliers Including 6 in 1 Bail Making Pliers Jewelry Bail Pliers, Nylon Nose Pliers for Jewelry Making Beading Looping Shaping Wire DIY Crafts",$17.99,$16.99,-5.56%,4.7 out of 5 stars,630,https://www.amazon.com/Jewelry-Including-Beading-Looping-Shaping/dp/B083K9XKL4/ref=sr_1_69?keywords=bracelet+bending+pliers&qid=1656003680&sr=8-69
"OdontoMed2011® 'Bracelet Bending Pliers - Jewelry Forming Tool, for Shaping Bracelets, Cuffs, and Metal Strip Blanks",,$11.49,0%,2.8 out of 5 stars,3,https://www.amazon.com/OdontoMed2011%C2%AE-Bracelet-Bending-Pliers-Bracelets/dp/B084DND8XL/ref=sr_1_70?keywords=bracelet+bending+pliers&qid=1656003680&sr=8-70
Beadalon Memory Wire Finishing Pliers,,$8.49,0%,4.0 out of 5 stars,98,https://www.amazon.com/Beadalon-201A-249-Memory-Finishing-Pliers/dp/B07FB1QC3Q/ref=sr_1_71?keywords=bracelet+bending+pliers&qid=1656003680&sr=8-71
"Anezus 7 Pcs Jewelry Pliers and Jewelry Beading Wire Tools Set Includes Needle Nose Pliers, Round Nose Pliers, Wire Cutters and Craft Wire for Jewelry Repair Making Supplies",,$11.99,0%,4.3 out of 5 stars,"1,223",https://www.amazon.com/Anezus-Jewelry-Beading-Cutters-Supplies/dp/B07MH2HQXS/ref=sr_1_73?keywords=bracelet+bending+pliers&qid=1656003680&sr=8-73
"AAProTools Spring Bar Bending Plier with Nylon Jaws, 5 Inches (Black Dip)",,$11.59,0%,3.6 out of 5 stars,3,https://www.amazon.com/AAProTools-Spring-Bending-Plier-Inches/dp/B089N9DT91/ref=sr_1_74?keywords=bracelet+bending+pliers&qid=1656003680&sr=8-74
"BENECREAT Pink 3-Step Wire Looping Pliers Concave Pliers from 1.5mm~5.5mm, Wire Bending Precision Pliers Coiling Forming Bending Tools for DIY Jewelry Making - 5 Inch",,$13.39,0%,No reviews,0,https://www.amazon.com/BENECREAT-Looping-Concave-1-5mm-5-5mm-Precision/dp/B09NPK76X3/ref=sr_1_75?keywords=bracelet+bending+pliers&qid=1656003680&sr=8-75
"Double Cylinder Ring Bending Pliers 5/8""- 3/4""",,$13.99,0%,5.0 out of 5 stars,1,https://www.amazon.com/Double-Cylinder-Ring-Bending-Pliers/dp/B079DJQY3Q/ref=sr_1_76?keywords=bracelet+bending+pliers&qid=1656003680&sr=8-76
Ring Bending Bracelet Curving Optical Watch Pin Bending Pliers by G.S Online Store,,$13.89,0%,3.8 out of 5 stars,9,https://www.amazon.com/G-S-Bending-Bracelet-Curving-Optical/dp/B08PF8HRQ6/ref=sr_1_77?keywords=bracelet+bending+pliers&qid=1656003680&sr=8-77
"AAProTools Jewellery Pliers 5.5"" Nylon End Bending Red Color Stainless Steel Instruments",,$11.59,0%,3.7 out of 5 stars,22,https://www.amazon.com/AAProTools-Jewellery-Bending-Stainless-Instruments/dp/B083FX6P6N/ref=sr_1_78?keywords=bracelet+bending+pliers&qid=1656003680&sr=8-78
AAProTools Nylon Jaw Bracelet Bending Pliers,,$11.59,0%,4.2 out of 5 stars,2,https://www.amazon.com/AAProTools-Nylon-Bracelet-Bending-Pliers/dp/B089N4KX8G/ref=sr_1_79?keywords=bracelet+bending+pliers&qid=1656003680&sr=8-79
OdontoMed2011 Jewelry Pliers Stainless Steel Bracelet Jewelry Repair Tool Forming Spring Bending Nylon Jaws Ring Plier Tool Professional Jewelry Making Tool Stainless Steel Black Color Grip Handle,,$11.49,0%,3.0 out of 5 stars,2,https://www.amazon.com/OdontoMed2011-Jewelry-Stainless-Bracelet-Professional/dp/B09FZFX1SR/ref=sr_1_80?keywords=bracelet+bending+pliers&qid=1656003680&sr=8-80
"Purple Flat-Nose Pliers, Jewelry Making Tool for Bending or Straightening Wires",,$7.95,0%,4.7 out of 5 stars,430,https://www.amazon.com/Purple-Flat-Nose-Jewelry-Bending-Straightening/dp/B002TN1L6I/ref=sr_1_85?keywords=bracelet+bending+pliers&qid=1656003680&sr=8-85
G.S Bracelet Bending-Forming Pliers with Nylon Jaws Red Handles,,$12.49,0%,4.6 out of 5 stars,2,https://www.amazon.com/G-S-Bracelet-Bending-Forming-Pliers-Handles/dp/B08P5PY9B3/ref=sr_1_86?keywords=bracelet+bending+pliers&qid=1656003680&sr=8-86
SPEEDWOX 5 Inch Concave and Round Nose Pliers Round Concave Pliers Wire Looping Pliers Wire Bending Tools Mini Precision Pliers for Jewelry DIY,,$8.99,0%,4.3 out of 5 stars,69,https://www.amazon.com/SPEEDWOX-Concave-Looping-Bending-Precision/dp/B08M9BTWB2/ref=sr_1_87?keywords=bracelet+bending+pliers&qid=1656003680&sr=8-87
AAProTools One Pcs Jaws Nose Pliers Tool Jewelry Repair Bracelet Forming Spring Bending Nylon Ring,,$11.69,0%,3.4 out of 5 stars,14,https://www.amazon.com/AAProTools-Jewelry-Bracelet-Forming-Bending/dp/B085NKFQS7/ref=sr_1_88?keywords=bracelet+bending+pliers&qid=1656003680&sr=8-88
Vouiu Bail Making Plier 6 Step,$13.97,$11.97,-14.32%,4.8 out of 5 stars,591,https://www.amazon.com/Vouiu-Bail-Making-Plier-Step/dp/B07GLFQNBQ/ref=sr_1_89?keywords=bracelet+bending+pliers&qid=1656003680&sr=8-89
"AAProTools 3 Pcs Jewelry Pliers 5.5"" Nylon Ends Bending Straight Instruments",,$23.99,0%,3.7 out of 5 stars,36,https://www.amazon.com/AAProTools-Jewelry-Bending-Straight-Instruments/dp/B08GG3LGNG/ref=sr_1_90?keywords=bracelet+bending+pliers&qid=1656003680&sr=8-90
"OdontoMed2011 Ring Plier Tool, Bracelet Forming, Bracelet Plier Jewelry Tools Firm Durable for Bending Rings Green Pvc Grip Handle Stainless Steel",,$11.49,0%,5.0 out of 5 stars,2,https://www.amazon.com/OdontoMed2011-Bracelet-Forming-Jewelry-Stainless/dp/B09FZD38J6/ref=sr_1_91?keywords=bracelet+bending+pliers&qid=1656003680&sr=8-91
"3Pack Jewelry Pliers / Pliers for Jewelry Making Set, Including Needle Nose Pliers, Round Nose Pliers, Wire Cutter for Jewelry Repair, Wire Wrapping, Earring Bracelet Necklaces Making",$11.99,$7.99,-33.36%,4.2 out of 5 stars,59,https://www.amazon.com/Jewelry-Supplies-Wrapping-Bracelet-Necklaces/dp/B0912R4NM3/ref=sr_1_92?keywords=bracelet+bending+pliers&qid=1656003680&sr=8-92
vouiu Round Nose Pliers Jewelry Making Tools,,$7.47,0%,4.7 out of 5 stars,708,https://www.amazon.com/Vouiu-Round-Pliers-Jewelry-Beading/dp/B07NWXJ4J8/ref=sr_1_93?keywords=bracelet+bending+pliers&qid=1656003680&sr=8-93
4 Pcs Purple Mandrels for Jewelry Making Nylon Tip Chain Nose Pliers Round Oval Triangle Square Wire Wrapping Tools Plastic Bracelet Forming Mandrel 5 Inch Jewelry Pliers for Metal Bend Form Shaping,,$12.99,0%,4.5 out of 5 stars,8,https://www.amazon.com/Mandrels-Jewelry-Triangle-Wrapping-Bracelet/dp/B09TTBK9J5/ref=sr_1_94?keywords=bracelet+bending+pliers&qid=1656003680&sr=8-94
"Three Prong Pliers, Clasp Adjusting Pliers, Wire Bending Pliers Dental Orthodontic Golden Dot Series ARTMAN Brand",,$14.99,0%,4.1 out of 5 stars,6,https://www.amazon.com/Pliers-Adjusting-Bending-Golden-ARTMAN/dp/B0821RZQZG/ref=sr_1_95?keywords=bracelet+bending+pliers&qid=1656003680&sr=8-95
"Wokape 9Pcs Jewelry Pliers and Jewelry Beading Wire Tools Set, Round Nose Plier, Needle Nose Plier, Wire Cutter and 6 Colors 26 Gauge Craft Beading Wire for Jewelry Repair Making Supplies",,$15.86,0%,No reviews,0,https://www.amazon.com/Wokape-Jewelry-Pliers-Beading-Supplies/dp/B097MLWBB6/ref=sr_1_96?keywords=bracelet+bending+pliers&qid=1656003680&sr=8-96
Bow Closing Adjusting Pliers for Ring Bending Forming Wire Jewelry Making for Pendants Pocket Watches,,$16.49,0%,5.0 out of 5 stars,4,https://www.amazon.com/Closing-Adjusting-Bending-Forming-Pendants/dp/B01MRVBDSF/ref=sr_1_97?keywords=bracelet+bending+pliers&qid=1656003680&sr=8-97
Plier Flat & Half Round Jaws Ring Forming Bending Shaping Large H.D. 160mm Long by JTS,,$16.75,0%,4.2 out of 5 stars,3,https://www.amazon.com/Plier-Forming-Bending-Shaping-JTS/dp/B096GZ97WY/ref=sr_1_98?keywords=bracelet+bending+pliers&qid=1656003680&sr=8-98
"OdontoMed2011® 5"" Jump Ring/Loop Closing Pliers w/Grip Handle Black ODM",,$8.89,0%,4.4 out of 5 stars,95,https://www.amazon.com/OdontoMed2011-Jump-Ring-Closing-Pliers/dp/B07PKP4NQB/ref=sr_1_99?keywords=bracelet+bending+pliers&qid=1656003680&sr=8-99
MMOBIEL Jewelry Making Wire Bending Pliers 2-9mm 6 Size Loops Jump Rings Stainless Steel with a super Comfortable Grip,,$9.99,0%,4.2 out of 5 stars,19,https://www.amazon.com/MMOBIEL-Jewelry-Bending-Stainless-Comfortable/dp/B09HQX2FFW/ref=sr_1_100?keywords=bracelet+bending+pliers&qid=1656003680&sr=8-100
"AAProTools Bracelet Forming, Firm Durable Bracelet Jewelry Repair Tool Forming Spring Bending Nylon Jaws Ring Plier for Jewelry Worker",,$11.59,0%,No reviews,0,https://www.amazon.com/AAProTools-Bracelet-Forming-Durable-Jewelry/dp/B085NJT43P/ref=sr_1_101?keywords=bracelet+bending+pliers&qid=1656003680&sr=8-101
"WORKPRO 5-piece Jewelry Pliers, Jewelry Tools Kit Includes Round Nose Pliers, Jewelry Wire Cutters, Needle Nose Chain Nose Pliers for Jewelry Making, Pointed Tweezers, Curved Tweezers, with Case",,$16.99,0%,4.7 out of 5 stars,390,https://www.amazon.com/WORKPRO-5-piece-Jewelry-Cutters-Tweezers/dp/B08RJFZ791/ref=sr_1_102?keywords=bracelet+bending+pliers&qid=1656003680&sr=8-102
EURO TOOL Miland Double Cylinder Bracelet Shaping Pliers- 1-3/8 Inches and 1-5/8 Inches,,$24.99,0%,4.1 out of 5 stars,30,https://www.amazon.com/Miland-Cylinder-Bracelet-Shaping-Pliers/dp/B0198TL5BG/ref=sr_1_104?keywords=bracelet+bending+pliers&qid=1656003680&sr=8-104
19Pcs Jewelry Making Tools Kit with Zipper Storage Case for Jewelry Crafting and Jewelry Repair by Paxcoo,,$15.99,0%,4.6 out of 5 stars,"2,276",https://www.amazon.com/Jewelry-Making-Zipper-Storage-Crafting/dp/B06XPHL29R/ref=sr_1_106?keywords=bracelet+bending+pliers&qid=1656003680&sr=8-106
"The Beadsmith 1-Step Looper Pliers, 3mm, 24-18g Craft Wire, Instantly Create Consistent Loops for Rosaries, Earrings, Bracelets, Necklaces and Wire Jewelry in One Step",,$24.25,0%,4.7 out of 5 stars,"5,837",https://www.amazon.com/Beadsmith-Instantly-Consistent-Bracelets-Necklaces/dp/B00K7KJFL8/ref=sr_1_107?keywords=bracelet+bending+pliers&qid=1656003680&sr=8-107
Cynamed German Stainless- 6 in 1 Bail Making Pliers Wire Looping Forming Pliers with Non-Slip Comfort Grip Handle for 2mm to 9mm Loops and Jump Rings-Heavy Duty,,$12.99,0%,4.7 out of 5 stars,207,https://www.amazon.com/Cynamed-Stainless-Looping-Non-Slip-Rings-Heavy/dp/B08747Q8DL/ref=sr_1_108?keywords=bracelet+bending+pliers&qid=1656003680&sr=8-108
Bracelet Bending/Forming Parallel Pliers With Return Spring,,$20.99,0%,3.7 out of 5 stars,5,https://www.amazon.com/Bracelet-Bending-Forming-Parallel-Pliers/dp/B0799DXH1C/ref=sr_1_101?keywords=bracelet+bending+pliers&qid=1656003694&sr=8-101
AAPROTOOLS ADERER 3 JAW Pliers Wire Bending and Loop Forming Pliers A+ Quality,,$12.14,0%,4.0 out of 5 stars,1,https://www.amazon.com/AAPROTOOLS-ADERER-BENDING-FORMING-QUALITY/dp/B07C15WTCF/ref=sr_1_102?keywords=bracelet+bending+pliers&qid=1656003694&sr=8-102
Beadthoven 5Pcs Jewelry Pliers Tool Set Includes Side Cutting Pliers Round Nose Pliers Bent Nose Pliers Long Chain Nose Pliers for Jewelry Beading Making Crafts Supplies,,$19.98,0%,4.3 out of 5 stars,58,https://www.amazon.com/Beethoven-Jewelry-Cutting-Beading-Supplies/dp/B01N68ZB8C/ref=sr_1_103?keywords=bracelet+bending+pliers&qid=1656003694&sr=8-103
"Wokape 9Pcs Jewelry Pliers and Jewelry Beading Wire Tools Set, Round Nose Plier, Needle Nose Plier, Wire Cutter and 6 Colors 26 Gauge Craft Beading Wire for Jewelry Repair Making Supplies",,$15.86,0%,No reviews,0,https://www.amazon.com/Wokape-Jewelry-Pliers-Beading-Supplies/dp/B097MLWBB6/ref=sr_1_104?keywords=bracelet+bending+pliers&qid=1656003694&sr=8-104
"The Beadsmith 1-Step Looper Pliers, 3mm, 24-18g Craft Wire, Instantly Create Consistent Loops for Rosaries, Earrings, Bracelets, Necklaces and Wire Jewelry in One Step",,$24.25,0%,4.7 out of 5 stars,"5,837",https://www.amazon.com/Beadsmith-Instantly-Consistent-Bracelets-Necklaces/dp/B00K7KJFL8/ref=sr_1_105?keywords=bracelet+bending+pliers&qid=1656003694&sr=8-105
SPEEDWOX 200 Loops Memory Wire for Bracelet Making 5 Inches Memory Wire Cutting Pliers Set for Jewelry Making Gold Silver Loop Jewelry Wire Arts DIY Making Supplies Hobby Work Tool Fathers Day Gifts,,$12.19,0%,4.6 out of 5 stars,167,https://www.amazon.com/SPEEDWOX-Bracelet-Cutting-Jewelry-Supplies/dp/B08346LZSR/ref=sr_1_107?keywords=bracelet+bending+pliers&qid=1656003694&sr=8-107
BENECREAT 5.6 Inch Bracelet Bending Pliers Double Nylon Jaw Bending Forming Pliers with Non-Slip Comfort Grip Handle for DIY Jewelry Making,,$17.59,0%,No reviews,0,https://www.amazon.com/BENECREAT-Bracelet-Bending-Forming-Non-Slip/dp/B0B3RR67NR/ref=sr_1_109?keywords=bracelet+bending+pliers&qid=1656003694&sr=8-109
"Round-Nose Pliers for Bending and Looping Wires, Jewelry Making Supplies",$8.29,$6.98,-15.8%,4.7 out of 5 stars,556,https://www.amazon.com/Beadsmith-Jewelry-Round-Pliers-PL513/dp/B000SNBC74/ref=sr_1_110?keywords=bracelet+bending+pliers&qid=1656003694&sr=8-110
Synclastic Bracelet Bending Pliers For Making Domed Bracelet 3/8 Inch,,$34.99,0%,4.2 out of 5 stars,6,https://www.amazon.com/Synclastic-Bracelet-Bending-Pliers-Making/dp/B079K7M12L/ref=sr_1_111?keywords=bracelet+bending+pliers&qid=1656003694&sr=8-111
"Eyeglasses Frame Nylon Jaw Bending Pliers, Optical Eyewear Parts Hand Adjusting Repairing Tool, Eyeglass Ring Bending Wire Bracelet Nylon Jaws Optical Jeweler Watch Pin Bending Repair Pliers",,$19.99,0%,3.0 out of 5 stars,5,https://www.amazon.com/Eyeglasses-Adjusting-Repairing-Eyeglass-Bracelet/dp/B07Q189XZZ/ref=sr_1_117?keywords=bracelet+bending+pliers&qid=1656003694&sr=8-117
90 Degree V-Shaped Jaw Forming Bending Reshaping Rings Wire Jewelry Repair Metal Forming Making Pliers,,$16.95,0%,4.2 out of 5 stars,45,https://www.amazon.com/V-Shaped-Forming-Bending-Reshaping-Jewelry/dp/B018RFQZS0/ref=sr_1_118?keywords=bracelet+bending+pliers&qid=1656003694&sr=8-118
"Jewelry Pliers, Shynek 8pcs Jewelry Making Pliers Tools Micro Jewelry Pliers Set Jewelry Making Kit for Jewelry Making Supplies",,$28.99,0%,4.5 out of 5 stars,"1,728",https://www.amazon.com/Jewelry-Pliers-Shynek-Making-Supplies/dp/B088H39M81/ref=sr_1_119?keywords=bracelet+bending+pliers&qid=1656003694&sr=8-119
"AAProTools Jewellery Pliers 5.5"" Nylon End Bending Stainless Steel Instruments Green Dip",,$13.20,0%,4.0 out of 5 stars,36,https://www.amazon.com/AAProTools-Jewellery-Bending-Stainless-Instruments/dp/B083FWYDKW/ref=sr_1_120?keywords=bracelet+bending+pliers&qid=1656003694&sr=8-120
2 Pack Bracelet and Ring Bending Pliers Round/Half Round 1 3/8-3/4 Inch,,$42.99,0%,5.0 out of 5 stars,2,https://www.amazon.com/Pack-Bracelet-Bending-Pliers-Round/dp/B07YNCM6FY/ref=sr_1_121?keywords=bracelet+bending+pliers&qid=1656003694&sr=8-121
"6-1/4"" Concave Convex Metal Sheet Ring Shank Bending Jewelry Making Wire Forming Pliers",,$16.95,0%,5.0 out of 5 stars,6,https://www.amazon.com/Concave-Convex-Bending-Jewelry-Forming/dp/B076MJ3HKD/ref=sr_1_122?keywords=bracelet+bending+pliers&qid=1656003694&sr=8-122
"AAProTools 5-1/2"" Nylon Jaw Ring Bending Pliers Jewelry Making Non-Marring Pliers (Black Dip)",,$11.59,0%,3.5 out of 5 stars,10,https://www.amazon.com/AAProTools-Bending-Pliers-Jewelry-Non-Marring/dp/B083FX47ZP/ref=sr_1_123?keywords=bracelet+bending+pliers&qid=1656003694&sr=8-123
Deluxe Bending Plier,,$32.99,0%,4.2 out of 5 stars,19,https://www.amazon.com/Tds-Online-Store-Deluxe-Bending/dp/B0799CKQJS/ref=sr_1_124?keywords=bracelet+bending+pliers&qid=1656003694&sr=8-124
"Mardatt 5 Pcs Jewelry Ring Bracelets Sizer Tools Measuring Set Includes Wooden Step Bracelet Mandrel, Rubber Hammer, Wire Bending Pliers, Wrist and Finger Sizer for Jewelry Making Crafts",,$28.94,0%,4.0 out of 5 stars,15,https://www.amazon.com/Mardatt-Jewelry-Bracelets-Measuring-Bracelet/dp/B096TP7MBT/ref=sr_1_125?keywords=bracelet+bending+pliers&qid=1656003694&sr=8-125
"Cousin DIY Nylon Jaw Forming Pliers, Purple",,$10.83,0%,3.0 out of 5 stars,4,https://www.amazon.com/Cousin-Corporation-of-America-66212/dp/B00GL0U8SW/ref=sr_1_126?keywords=bracelet+bending+pliers&qid=1656003694&sr=8-126
WORKPRO 7-Piece Jewelers Pliers Set Jewelry Tools Kit with Easy Carrying Pouch (Blue),$22.99,$19.99,-13.05%,4.6 out of 5 stars,"3,601",https://www.amazon.com/WORKPRO-7-Piece-Jewelers-Jewelry-Carrying/dp/B0785PDJZ7/ref=sr_1_127?keywords=bracelet+bending+pliers&qid=1656003694&sr=8-127
"6-1/2"" Pliers Concave Convex Ring Bending Forming Shaping Plier for Ring Shanks Jewelry Making Pliers by JTS",,$16.92,0%,5.0 out of 5 stars,2,https://www.amazon.com/Concave-Bending-Forming-Shaping-JTS/dp/B096HC7VCM/ref=sr_1_128?keywords=bracelet+bending+pliers&qid=1656003694&sr=8-128
EURO TOOL Miland Double Cylinder Bracelet Shaping Pliers- 3/4 Inch and 1 Inch,,$27.92,0%,5.0 out of 5 stars,11,https://www.amazon.com/EuroTool-Cylinder-Bracelet-Shaping-Pliers/dp/B0198TGLHE/ref=sr_1_134?keywords=bracelet+bending+pliers&qid=1656003694&sr=8-134
"Jewelry Tools Bracelet Forming, Comfortable Handle Ring Plier Tool, Firm Bracelet Plier for Bending Rings",,$7.48,0%,No reviews,0,https://www.amazon.com/Jewelry-Bracelet-Forming-Comfortable-Bending/dp/B08HBLSW5T/ref=sr_1_135?keywords=bracelet+bending+pliers&qid=1656003694&sr=8-135
"ImpressArt - Metal Stamping Kit, Includes All Essential Metal Stamping Tools for Jewelry Making and DIY Hand Stamping Custom Made Projects (Bridgette, Basic Bracelet Bending Kit)",,$95.00,0%,4.4 out of 5 stars,230,https://www.amazon.com/ImpressArt-Stamping-Essential-Projects-Bridgette/dp/B09321DJCQ/ref=sr_1_136?keywords=bracelet+bending+pliers&qid=1656003694&sr=8-136
"Duck-Bill Pliers to Flatten or Loop Metal Wire and Sheets, Jewelry Making Supplies",$17.44,$14.39,-17.49%,4.5 out of 5 stars,59,https://www.amazon.com/Duck-Bill-Pliers-Flatten-Jewelry-Supplies/dp/B01HYI9QCS/ref=sr_1_137?keywords=bracelet+bending+pliers&qid=1656003694&sr=8-137
Ring Bending Pliers with Nylon Jaws - SFC Tools - 46-1614,,$19.95,0%,5.0 out of 5 stars,3,https://www.amazon.com/Ring-Bending-Pliers-Nylon-Jaws/dp/B01DYEGP66/ref=sr_1_138?keywords=bracelet+bending+pliers&qid=1656003694&sr=8-138
Wubbers Parallel Rectangle with Jaws 12 Mm X 6 Mm | PLR-1816,,$59.95,0%,5.0 out of 5 stars,1,https://www.amazon.com/Wubbers-Parallel-Rectangle-Jaws-PLR-1816/dp/B07CZ3WDKJ/ref=sr_1_140?keywords=bracelet+bending+pliers&qid=1656003694&sr=8-140
2 Pack Double Cylinder Bracelet Bending Pliers 1 3/8- 1 5/8 / 1- 1 3/8 Inch,,$37.99,0%,5.0 out of 5 stars,1,https://www.amazon.com/Double-Cylinder-Bracelet-Bending-Pliers/dp/B077NZG1JK/ref=sr_1_141?keywords=bracelet+bending+pliers&qid=1656003694&sr=8-141
"The Beadsmith Round Nose Pliers – Zebra Print Line – 6 inches (152mm) – Comfortable Handle with Double Leaf Springs – Jewelry Making Tool for Creating Bracelets, Earrings and Necklaces",$9.95,$5.11,-48.64%,4.7 out of 5 stars,143,https://www.amazon.com/Beadsmith-Zebra-Round-Nose-PLZ4/dp/B0163BV8SC/ref=sr_1_142_mod_primary_new?keywords=bracelet+bending+pliers&qid=1656003694&sbo=RZvfv%2F%2FHxDF%2BO5021pAnSA%3D%3D&sr=8-142
"Rustark Jewelry Tool Set 3 Piece Jewelry Pliers Including Bent Nose Pliers, Nylon Jaw Pliers, 60-Step Bail Making Pliers Jewelry Making Kit with Case for Beading, Looping, Shaping Wire, DIY Crafts",$21.54,$16.98,-21.17%,4.4 out of 5 stars,66,https://www.amazon.com/Rustark-Jewelry-Including-60-Step-Bail-Making-Pliers/dp/B07VDJY1VT/ref=sr_1_143?keywords=bracelet+bending+pliers&qid=1656003694&sr=8-143
Beadalon Stepped Bail Making Pliers,$15.49,$12.17,-21.43%,5.0 out of 5 stars,5,https://www.amazon.com/Beadalon-201A-240-Stepped-Making-Pliers/dp/B07F9RTJQC/ref=sr_1_144_mod_primary_new?keywords=bracelet+bending+pliers&qid=1656003694&sbo=RZvfv%2F%2FHxDF%2BO5021pAnSA%3D%3D&sr=8-144
BENECREAT 5 Inch Carbon Steel Double Nylon Jaw Pliers Flat Nose Pliers Bending Tools for DIY Making Hobby Projects,,$15.39,0%,No reviews,0,https://www.amazon.com/BENECREAT-Carbon-Double-Bending-Projects/dp/B09Q5FLZ1D/ref=sr_1_145?keywords=bracelet+bending+pliers&qid=1656003694&sr=8-145
AAProTools Stainless Steel Pliers Rack Stand Jewelers Tool Holder Holds 10 Pliers,,$13.49,0%,3.9 out of 5 stars,2,https://www.amazon.com/AAProTools-Stainless-Pliers-Jewelers-Holder/dp/B08XP6MMV1/ref=sr_1_146?keywords=bracelet+bending+pliers&qid=1656003694&sr=8-146
"5"" German-Style Concave Round Nose Wire Working Bending Beading Pliers w/ PVC Handles",,$12.95,0%,4.4 out of 5 stars,15,https://www.amazon.com/German-Style-Concave-Working-Bending-Beading/dp/B01MZAI5XH/ref=sr_1_147?keywords=bracelet+bending+pliers&qid=1656003694&sr=8-147
"Bracelet Forming Springbar Bending Nylon Tip 1"""" Jaw Pliers",,$23.80,0%,5.0 out of 5 stars,2,https://www.amazon.com/Bracelet-Forming-Springbar-Bending-Pliers/dp/B000OVJXGW/ref=sr_1_148?keywords=bracelet+bending+pliers&qid=1656003694&sr=8-148
"Tysun Jewelry Pliers, 8 Pcs Jewelry Making Pliers Tools Micro Jewelry Pliers Set Jewelry Making Kit for Jewelry Making Supplies",,$24.99,0%,4.3 out of 5 stars,41,https://www.amazon.com/Tysun-Jewelry-Pliers-Making-Supplies/dp/B094FLFW3L/ref=sr_1_149?keywords=bracelet+bending+pliers&qid=1656003694&sr=8-149
vouiu 5Inch Long Needle Nose Pliers Jewelry Making Tools,,$6.97,0%,4.6 out of 5 stars,559,https://www.amazon.com/vouiu-Needle-Pliers-Jewelry-Making/dp/B08FRP8QGX/ref=sr_1_150?keywords=bracelet+bending+pliers&qid=1656003694&sr=8-150
BENECREAT 2 Pieces Double Nylon Jaw Plier Set Wire Forming Pliers with Clear and Blue Jaws for DIY Beading Craft Making Project,,$19.79,0%,4.6 out of 5 stars,99,https://www.amazon.com/BENECREAT-Pieces-Forming-Beading-Project/dp/B08SQ38K4N/ref=sr_1_151?keywords=bracelet+bending+pliers&qid=1656003694&sr=8-151
PH PandaHall Wire Looping Pliers 4.9 inch/12.6cm Round Concave Pliers Red Mini Precision Pliers Wire Bending Tools for DIY Jewelry Making Hobby Projects,,$12.89,0%,4.7 out of 5 stars,7,https://www.amazon.com/PH-PandaHall-Looping-Precision-Projects/dp/B09FTBZ5YD/ref=sr_1_152?keywords=bracelet+bending+pliers&qid=1656003694&sr=8-152
SUNNYCLUE 3.7 Inch Double Nylon Jaw Pliers Jewelry Pliers Mini Precision Pliers Wire Bending Wrapping Forming Tools for DIY Jewelry Making Hobby Projects Black,,$8.49,0%,No reviews,0,https://www.amazon.com/SUNNYCLUE-Jewelry-Precision-Wrapping-Projects/dp/B09Y8TWXL7/ref=sr_1_153?keywords=bracelet+bending+pliers&qid=1656003694&sr=8-153
Bow Closing Pliers w/ Brass Jaws for Ring Bending Bow Adjusting Wire Working Pendant Reshaping Forming Jewelry Making Tool,,$14.93,0%,4.5 out of 5 stars,17,https://www.amazon.com/Closing-Bending-Adjusting-Working-Reshaping/dp/B01MYXNR81/ref=sr_1_154?keywords=bracelet+bending+pliers&qid=1656003694&sr=8-154
"Mr. Pen- Jewelry Pliers, 3 Pack, Jewelry Making kit, Pliers for Jewelry Making, Mini Pliers, Wire Cutters for Jewelry Making, Chain Nose Pliers, Craft Pliers, Earring Pliers",$12.99,$7.99,-38.49%,4.5 out of 5 stars,"2,295",https://www.amazon.com/Mr-Jewelry-Pliers-Cutters-Earring/dp/B08BJBY96R/ref=sr_1_155?keywords=bracelet+bending+pliers&qid=1656003694&sr=8-155
"Mr. Pen- Jewelry Pliers, 3 Pack, Jewelry Making kit, Pliers for Jewelry Making, Mini Pliers, Wire Cutters for Jewelry Making, Chain Nose Pliers, Craft Pliers, Earring Pliers",$12.99,$7.99,-38.49%,4.5 out of 5 stars,"2,295",https://www.amazon.com/Mr-Jewelry-Pliers-Cutters-Earring/dp/B08BJBY96R/ref=sr_1_149?keywords=bracelet+bending+pliers&qid=1656003704&sr=8-149
"Chain-Nose Pliers 4-1/2"" Long withFine Tips and Navy Blue Handles, Jewelry Making and Repair Tool",$9.99,$8.99,-10.01%,5.0 out of 5 stars,1,https://www.amazon.com/Chain-Nose-Pliers-115mm-Spring/dp/B0049JUHPG/ref=sr_1_151?keywords=bracelet+bending+pliers&qid=1656003704&sr=8-151
"Bail-Making Pliers (3 Millimeters, 5 Millimeters), Filigree Tool for Bending Metal",,$12.99,0%,4.8 out of 5 stars,50,https://www.amazon.com/Bail-Making-Plier-3-5-5-5mm-Spring/dp/B00AV5EPLO/ref=sr_1_152?keywords=bracelet+bending+pliers&qid=1656003704&sr=8-152
Flat & Half Round Nose Jaws Ring Bending Shaping Pliers Jewelry Making Forming,,$12.98,0%,4.6 out of 5 stars,36,https://www.amazon.com/Bending-Shaping-Pliers-Jewelry-Forming/dp/B01IPLA90Q/ref=sr_1_153?keywords=bracelet+bending+pliers&qid=1656003704&sr=8-153
JTS Nylon Jaw Bending Forming Pliers Jewelry Making Bend & Form Metal Strips & Wires,,$18.50,0%,5.0 out of 5 stars,2,https://www.amazon.com/JTS-Bending-Forming-Pliers-Jewelry/dp/B098KKCV3L/ref=sr_1_154?keywords=bracelet+bending+pliers&qid=1656003704&sr=8-154
"SUNNYCLUE 5.5 Inch Double Nylon Jaw Flat Nose Pliers Mini Precision Pliers Wire Forming Bending Tools for DIY Jewelry Making Hobby Projects Pink, Leaf Spring Construction",,$6.72,0%,4.0 out of 5 stars,20,https://www.amazon.com/SUNNYCLUE-Precision-Forming-Projects-Construction/dp/B085WPJC61/ref=sr_1_155?keywords=bracelet+bending+pliers&qid=1656003704&sr=8-155
"Alucy Ring Pliers - Forming Spring Bending Nylon Jaws, Ring Plier, Jewelry Repair Tool, Jewelry Making Tool, Jewelry Pliers for Ring Bracelet Necklace",,$17.87,0%,1.0 out of 5 stars,1,https://www.amazon.com/Alucy-Ring-Pliers-Bracelet-Necklace/dp/B07WWFN5T7/ref=sr_1_156?keywords=bracelet+bending+pliers&qid=1656003704&sr=8-156
"Multicraft Imports Craft Medley 204558 BT112 Beading & Jewelry Tool, Long Round Nose Pliers with Soft Grip Handle",,$8.54,0%,4.3 out of 5 stars,39,https://www.amazon.com/Multicraft-Imports-204558-Beading-Jewelry/dp/B007F10M1E/ref=sr_1_157?keywords=bracelet+bending+pliers&qid=1656003704&sr=8-157
"Nose Ring Pliers with Hard Nylon Plastic Jaws, Perfect for Bending Nose Fish Tails",,$18.99,0%,3.9 out of 5 stars,8,https://www.amazon.com/Pliers-Nylon-Plastic-Perfect-Bending/dp/B01843AK36/ref=sr_1_158?keywords=bracelet+bending+pliers&qid=1656003704&sr=8-158
AAProTools Small Ring Opening Pliers,,$8.89,0%,5.0 out of 5 stars,1,https://www.amazon.com/AAProTools-Small-Ring-Opening-Pliers/dp/B07RXPY4G9/ref=sr_1_159?keywords=bracelet+bending+pliers&qid=1656003704&sr=8-159
"SUNNYCLUE 5.5 Inch Long Chain Nose Pliers Jewelry Pliers Mini Precision Pliers Wire Bending Wrapping Forming Tools for DIY Jewelry Making Hobby Projects, Royal Blue",,$8.49,0%,3.9 out of 5 stars,7,https://www.amazon.com/SUNNYCLUE-Jewelry-Precision-Wrapping-Projects/dp/B09DFRKYJT/ref=sr_1_160?keywords=bracelet+bending+pliers&qid=1656003704&sr=8-160
"EURO TOOL Ez Sizer, Bracelet Mandrel, Travel Size | GAU-110.10",,$10.41,0%,3.7 out of 5 stars,985,https://www.amazon.com/Sizer-Bracelet-Mandrel-Travel-Size/dp/B0058EDIYI/ref=sr_1_163?keywords=bracelet+bending+pliers&qid=1656003704&sr=8-163
LEONTOOL Mini Flat Nose Pliers for Jewelry Making Wide Smooth Jaws Pliers for Wire Bending Warpping Shaping Micro Professional Jewelry Hand Tools 4.5 Inches,,$8.39,0%,1.0 out of 5 stars,1,https://www.amazon.com/LEONTOOL-Jewelry-Bending-Warpping-Professional/dp/B0828K1F58/ref=sr_1_164?keywords=bracelet+bending+pliers&qid=1656003704&sr=8-164
"Jewelry Pliers, Cridoz Beading Pliers Set with Needle Nose Pliers, Round Nose Pliers and Wire Cutter for Jewelry Making Beading Repair Supplies and Crafting (set of 3)",,$8.99,0%,4.5 out of 5 stars,"2,041",https://www.amazon.com/Jewelry-Pliers-Beading-Supplies-Crafting/dp/B07QVPGX7H/ref=sr_1_165?keywords=bracelet+bending+pliers&qid=1656003704&sr=8-165
"The Beadsmith Slim Line Flat Nose Pliers, 4.75 inches (120mm) with Polished Steel Head, Pink PVC Comfort Grip Handle with Double-Leaf Spring, Tool for Jewelry Making",,$11.57,0%,5.0 out of 5 stars,1,https://www.amazon.com/Beadsmith-Polished-Comfort-Double-Leaf-Jewelry/dp/B07258G7D5/ref=sr_1_166?keywords=bracelet+bending+pliers&qid=1656003704&sr=8-166
LEONTOOL Concave and Round Pliers Hollow/Round Nose Pliers Wire Ring Looping Pliers Wire Bending Pliers Jewelry Making Pliers for Handmade DIY Hobby Projects Tools,,$7.69,0%,4.0 out of 5 stars,7,https://www.amazon.com/LEONTOOL-Concave-Looping-Handmade-Projects/dp/B097DTJW6M/ref=sr_1_167?keywords=bracelet+bending+pliers&qid=1656003704&sr=8-167
"ImpressArt - Bracelet Bending Pliers, Jewelry Forming Tool, for Shaping Bracelets, Cuffs, and Metal Strip Blanks",,$30.48,0%,No reviews,0,https://www.amazon.com/ImpressArt-Bracelet-Bending-Jewelry-Bracelets/dp/B0B3QT3D3N/ref=sr_1_168?keywords=bracelet+bending+pliers&qid=1656003704&sr=8-168
"2 Packs Nylon Nose Pliers Double Nylon Pliers Carbon Steel Jewelry Pliers DIY Tools for Beading, Looping, Shaping Wire, Jewelry Making and Other Crafts, 5.3 Inch",,$12.99,0%,4.5 out of 5 stars,638,https://www.amazon.com/Pliers-Jewelry-Beading-Looping-Shaping/dp/B07YW7K778/ref=sr_1_169?keywords=bracelet+bending+pliers&qid=1656003704&sr=8-169
"Duck Bill Pliers Jewelry Making Metal Work Tool Wide Billed Jaw Plier 6-3/4"" L (E6)",,$16.99,0%,4.6 out of 5 stars,14,https://www.amazon.com/Pliers-Jewelry-Making-Metal-Billed/dp/B072W8ZN36/ref=sr_1_170?keywords=bracelet+bending+pliers&qid=1656003704&sr=8-170
"The Beadsmith Simply Modern Half Round Nose/Half Concave Pliers, 4.5 inches (114mm) with polished steel head, PVC grip handles and double-leaf springs, tool for jewelry making",,$7.99,0%,4.6 out of 5 stars,13,https://www.amazon.com/Beadsmith-Simply-Modern-Concave-Pliers/dp/B00XTMKOY8/ref=sr_1_171?keywords=bracelet+bending+pliers&qid=1656003704&sr=8-171
Nylon Jaw Bracelet Bending Pliers Non Marring Shaping - SFC Tools - 46-1613,,$19.95,0%,5.0 out of 5 stars,1,https://www.amazon.com/Bracelet-Bending-Pliers-Marring-Shaping/dp/B00TBEAB8M/ref=sr_1_172?keywords=bracelet+bending+pliers&qid=1656003704&sr=8-172
Pandahall 1Pcs Carbon Steel Crimper Pliers Crimping Tool Jewelry Wire for Crimp Beads Jewelry Making (Red),,$10.98,0%,4.4 out of 5 stars,76,https://www.amazon.com/Pandahall-Carbon-Crimper-Crimping-Jewelry/dp/B08FYGZ41X/ref=sr_1_173?keywords=bracelet+bending+pliers&qid=1656003704&sr=8-173
"3Pieces Jewelry Pliers,Jewelry Making Plier Tool Set with Needle Nose Plier Round Nose Plier Bent Nose Plier,Wire Cutters for Jewelry Beading Repair,DIY Crafts,Wire Wrapping",,$7.39,0%,4.3 out of 5 stars,288,https://www.amazon.com/3Pieces-Jewelry-Cutters-Beading-Wrapping/dp/B08Y7YWZFB/ref=sr_1_174?keywords=bracelet+bending+pliers&qid=1656003704&sr=8-174
"SPEEDWOX 5 Inches Round Nose Jewelry Pliers with Cutter, Mini Round Nose Pliers, Wire Bending Pliers, Side Cutter Tools for Jewelry Making",,$7.69,0%,4.0 out of 5 stars,10,https://www.amazon.com/SPEEDWOX-Inches-Jewelry-Pliers-Bending/dp/B09R914ZBC/ref=sr_1_179?keywords=bracelet+bending+pliers&qid=1656003704&sr=8-179
"OdontoMed2011 Nylon-Jaw Chain-Nose Pliers, Delicate Craft Tools, Jewelry Making Supplies Green Color Grip Handle",,$11.49,0%,1.0 out of 5 stars,1,https://www.amazon.com/OdontoMed2011-Nylon-Jaw-Chain-Nose-Delicate-Supplies/dp/B09FZFSRLY/ref=sr_1_180?keywords=bracelet+bending+pliers&qid=1656003704&sr=8-180
"German Heavy Duty Bail Making Pliers,6 IN 1 Wire Looping Forming Pliers, BIG SIZE LOOPING PLIERS 13,16 & 20MM ,SMALL LOOPING PLIER, 5, 7,10MM Anti Slip comfort grip handle",,$19.99,0%,4.4 out of 5 stars,19,https://www.amazon.com/German-Looping-Forming-LOOPING-comfort/dp/B09P6V6VFB/ref=sr_1_181?keywords=bracelet+bending+pliers&qid=1656003704&sr=8-181
"Hicarer 18 Pieces Bracelet Blanks Stainless Steel Bangle Blanks DIY Cuff Bracelet Blanks for Making Presents Stamping Jewelry, 3/8 x 6 Inches",,$13.99,0%,4.3 out of 5 stars,306,https://www.amazon.com/Bracelet-Stainless-Presents-Stamping-Jewelry/dp/B0842QHSTY/ref=sr_1_182?keywords=bracelet+bending+pliers&qid=1656003704&sr=8-182
SEYHR Ring Sizer Measuring Tool Set with Ring Mandrel US Size 1-13 EU 41-76 Black Ring Sizing Kit & Transparent Ring Sizer Adjuster for Loose Rings with Microfiber Polishing Cloth,$7.99,$5.97,-25.28%,4.5 out of 5 stars,914,https://www.amazon.com/SEYHR-Measuring-Mandrel-Microfiber-Polishing/dp/B091QCB39R/ref=sr_1_183?keywords=bracelet+bending+pliers&qid=1656003704&sr=8-183
Mandala Crafts 6 in 1 Bail Making Pliers Wire Looping Forming Pliers for Jewelry Making - Wire Bending Pliers for Jump Rings Bails Loops Memory Wire,,$11.49,0%,4.3 out of 5 stars,52,https://www.amazon.com/Looping-Bailing-Jewelry-Mandala-Crafts/dp/B084WT15MC/ref=sr_1_184?keywords=bracelet+bending+pliers&qid=1656003704&sr=8-184
"LO RUBA New Improved 8 Piece Jewelry Making Pliers Set, Beading & Jewelry Tools For Wire Wrapping, Cutting, Straightening, Shaping & Crimping, Pliers For Jewelry Making with Zipper Case & Jump Ring",,$39.99,0%,4.1 out of 5 stars,41,https://www.amazon.com/LO-RUBA-Wrapping-Straightening-Crimping/dp/B092BG7NYN/ref=sr_1_185?keywords=bracelet+bending+pliers&qid=1656003704&sr=8-185
Mazbot Long Handled Duckbill Pliers,,$17.95,0%,3.8 out of 5 stars,7,https://www.amazon.com/Mazbot-Long-Handled-Duckbill-Pliers/dp/B01HFLJ3RM/ref=sr_1_186?keywords=bracelet+bending+pliers&qid=1656003704&sr=8-186
Plier Half Round & Flat Jaws Ring Forming Pliers Bending Shaping Large HD 160mm,,$16.87,0%,5.0 out of 5 stars,2,https://www.amazon.com/Plier-Forming-Pliers-Bending-Shaping/dp/B084WQHXBC/ref=sr_1_188?keywords=bracelet+bending+pliers&qid=1656003704&sr=8-188
"The Beadsmith Long ChainNose Plier - Casual Comfort Series - 6 inches (152mm) - Polished Steel Head, Comfort Grip Handle & Double-leaf Spring, European Design & Quality, Tool for Jewelry Making",,$10.90,0%,4.5 out of 5 stars,165,https://www.amazon.com/Beadsmith-Long-ChainNose-Plier-Double-leaf/dp/B01MPVWUQ6/ref=sr_1_189?keywords=bracelet+bending+pliers&qid=1656003704&sr=8-189
"6"" Forming Pliers w/ Extra Non-Marring Nylon Jaws Jewelry Making Wire Bending Metal Forming Repair Tool",,$21.95,0%,4.0 out of 5 stars,1,https://www.amazon.com/Forming-Pliers-Non-Marring-Jewelry-Bending/dp/B01MU2S7KN/ref=sr_1_190?keywords=bracelet+bending+pliers&qid=1656003704&sr=8-190
SPEEDWOX Flat Nose Plier Nylon Jaw Pliers Mini Wire Bending Jig Wire Straightentener Jewelry Making Tool 5 Inches,,$10.69,0%,4.3 out of 5 stars,45,https://www.amazon.com/SPEEDWOX-Pliers-Bending-Straightentener-Jewelry/dp/B08BRVQFFJ/ref=sr_1_191?keywords=bracelet+bending+pliers&qid=1656003704&sr=8-191
"2 Pieces Jewelry Pliers Tool Set Includes Split Ring Pliers, Jewelry Bead Crimping Pliers for Jewelry Beading Repair Making Tools Supplies",,$8.99,0%,4.3 out of 5 stars,209,https://www.amazon.com/Crimping-Jewelry-Opening-Beading-Supplies/dp/B093GR1MVF/ref=sr_1_192?keywords=bracelet+bending+pliers&qid=1656003704&sr=8-192
LiQunSweet 4.53 Inch Concave and Round Nose Wire Bending Looping Pliers Round Nose Jewelry Pliers Polishing Bail-Making Tools for Jewellery Making and Craftings,,$9.98,0%,5.0 out of 5 stars,3,https://www.amazon.com/Airssory-Polishing-Bail-Making-Jewellery-Craftings/dp/B08GXCKV7V/ref=sr_1_193?keywords=bracelet+bending+pliers&qid=1656003704&sr=8-193
"Flat Nose Pliers 5 Inch Smooth Jaw Pliers for Jewelry Making, Wire Wrapping Bending",,$9.99,0%,4.5 out of 5 stars,362,https://www.amazon.com/Pliers-Smooth-Jewelry-Wrapping-Bending/dp/B07Q3QYQTV/ref=sr_1_194?keywords=bracelet+bending+pliers&qid=1656003704&sr=8-194
G.S Set of 3 Bracelet Bending-Forming Pliers with Nylon Jaws,,$39.99,0%,No reviews,0,https://www.amazon.com/G-S-Bracelet-Bending-Forming-Pliers-Nylon/dp/B08P5Q1JGJ/ref=sr_1_195?keywords=bracelet+bending+pliers&qid=1656003704&sr=8-195
Tube Holding Pliers w/ Non-Marring Nylon Jaws Jewelry Making Wire Bending Metal Forming Repair Tool,,$23.95,0%,5.0 out of 5 stars,7,https://www.amazon.com/Holding-Non-Marring-Jewelry-Bending-Forming/dp/B01N1UH3AG/ref=sr_1_196?keywords=bracelet+bending+pliers&qid=1656003704&sr=8-196
Euro Tool's Wubbers Round Mandrel Pliers - Jumbo | PLR-1305,,$37.19,0%,4.9 out of 5 stars,36,https://www.amazon.com/Wubbers-Jumbo-Mandrel-Pliers-18/dp/B008NX6V22/ref=sr_1_197?keywords=bracelet+bending+pliers&qid=1656003704&sr=8-197
"Flat Nose Nylon Jaw Parallel Pliers Tool for Jewelry Making and Straightening Wires, DIY tool for Shaping Beading without marks",,$14.49,0%,3.9 out of 5 stars,29,https://www.amazon.com/Double-Parallel-Pliers-Jewlery-Opticians/dp/B08FHGGVCH/ref=sr_1_198?keywords=bracelet+bending+pliers&qid=1656003704&sr=8-198
"Flat Nose Pliers, Wire Bending Straightening Ring Opening Cutting(5 Inch, Black)",$8.99,$6.29,-30.03%,4.4 out of 5 stars,"1,126",https://www.amazon.com/FENGWANGLI-Ergonomic-Jewelry-Bending-Straightening/dp/B08TVNQTP6/ref=sr_1_199?keywords=bracelet+bending+pliers&qid=1656003704&sr=8-199
"The Beadsmith Slim Line Round Nose Pliers, 4.75 inches (120mm) with polished steel head, red PVC comfort grip handle with double-leaf spring, tool for jewelry making",,$9.89,0%,4.9 out of 5 stars,6,https://www.amazon.com/Beadsmith-polished-comfort-double-leaf-jewelry/dp/B00GUR1H9A/ref=sr_1_200?keywords=bracelet+bending+pliers&qid=1656003704&sr=8-200
Mazbot Smooth Brass Jaw Parallel Pliers-125mm,,$21.95,0%,4.1 out of 5 stars,10,https://www.amazon.com/Mazbot-Smooth-Brass-Parallel-Pliers-125mm/dp/B07WQQQ79Q/ref=sr_1_201?keywords=bracelet+bending+pliers&qid=1656003704&sr=8-201
"Bail-Making Pliers (3 Millimeters, 5 Millimeters), Filigree Tool for Bending Metal",,$15.00,0%,4.7 out of 5 stars,4,https://www.amazon.com/Bail-Making-Pliers-Millimeters-Filigree-Bending/dp/B07VNGSZHR/ref=sr_1_202?keywords=bracelet+bending+pliers&qid=1656003704&sr=8-202
"AAProTools Jewellery Pliers 5.5"" Nylon End Bending Stainless Steel Instruments",,$11.59,0%,4.5 out of 5 stars,5,https://www.amazon.com/AAProTools-Jewellery-Bending-Stainless-Instruments/dp/B083FXQGGH/ref=sr_1_197?keywords=bracelet+bending+pliers&qid=1656003743&sr=8-197
"Vintaj Short-Jaw Metal Hole-Punch Pliers, 1.5 Millimeters, Jewelry Making Tools",$14.99,$12.99,-13.34%,4.8 out of 5 stars,358,https://www.amazon.com/Short-Hole-Punch-Pliers-1-5mm/dp/B006H2GUGI/ref=sr_1_198?keywords=bracelet+bending+pliers&qid=1656003743&sr=8-198
Flat JAW Ball END DIMPLE Pliers 3 mm Jewelry Forming Bending RIVETING Pliers,,$11.78,0%,4.8 out of 5 stars,4,https://www.amazon.com/DIMPLE-Jewelry-Forming-Bending-RIVETING/dp/B0748JCH61/ref=sr_1_200?keywords=bracelet+bending+pliers&qid=1656003743&sr=8-200
LEONTOOL Flat Nose Pliers 5 Inches Precision Small Jewelry Beading Making Tool Mini Pliers for Wire Bending Warpping Shaping Micro Professional DIY Hand Tools,,$7.39,0%,4.5 out of 5 stars,31,https://www.amazon.com/LEONTOOL-Precision-Jewelry-Warpping-Professional/dp/B07ZM6HF1D/ref=sr_1_201?keywords=bracelet+bending+pliers&qid=1656003743&sr=8-201
Premium Deluxe Flat Stock/Ring Shank Bending Pliers with 2 Steel Rollers,$47.99,$42.99,-10.42%,3.9 out of 5 stars,6,https://www.amazon.com/Premium-Deluxe-Bending-Pliers-Rollers/dp/B07S65JH42/ref=sr_1_202?keywords=bracelet+bending+pliers&qid=1656003743&sr=8-202
"8 Pcs Jewelry Making Pliers Tool Kit, Needle Nose Pliers, Round Nose Pliers, Wire Cutters, Crimping Pliers, Bent Nose Pliers, End Nippers, Bail Making Pliers, Nylon Pliers for DIY (Multicolor)",,$30.99,0%,4.4 out of 5 stars,112,https://www.amazon.com/Pieces-Jewelry-Cutters-Crimping-Nippers/dp/B09657LL2Q/ref=sr_1_203?keywords=bracelet+bending+pliers&qid=1656003743&sr=8-203
Non-Marring Forming/Bending Plier w/ Nylon and Steel Jaw for Jewelry Making and Repair,,$23.95,0%,4.0 out of 5 stars,1,https://www.amazon.com/Non-Marring-Forming-Bending-Jewelry-Making/dp/B01LWK8CVG/ref=sr_1_204?keywords=bracelet+bending+pliers&qid=1656003743&sr=8-204
Nylon JAW Pliers Set Jewelry Craft Bead Wire Working Bending Forming Hand Tools (E 12),,$47.95,0%,4.5 out of 5 stars,19,https://www.amazon.com/Pliers-Jewelry-Working-Bending-Forming/dp/B00WXX2UQY/ref=sr_1_206?keywords=bracelet+bending+pliers&qid=1656003743&sr=8-206
"The Beadsmith Round Nose Pliers – Zebra Print Line – 6 inches (152mm) – Comfortable Handle with Double Leaf Springs – Jewelry Making Tool for Creating Bracelets, Earrings and Necklaces",$9.95,$5.11,-48.64%,4.7 out of 5 stars,143,https://www.amazon.com/Beadsmith-Zebra-Round-Nose-PLZ4/dp/B0163BV8SC/ref=sr_1_207_mod_primary_new?keywords=bracelet+bending+pliers&qid=1656003743&sbo=RZvfv%2F%2FHxDF%2BO5021pAnSA%3D%3D&sr=8-207
Anti-Clastic Bracelet Bending Pliers 4 Making Concaved Bracelet Small,,$28.99,0%,No reviews,0,https://www.amazon.com/Anti-Clastic-Bracelet-Bending-Pliers-Concaved/dp/B07Z2W8J24/ref=sr_1_212?keywords=bracelet+bending+pliers&qid=1656003743&sr=8-212
OdontoMed2011 BIRD BEAK PLIERS WIRE BENDING AND LOOP FORMING PLIERS,,$12.49,0%,4.1 out of 5 stars,7,https://www.amazon.com/OdontoMed2011-BIRD-PLIERS-BENDING-FORMING/dp/B01C44VO18/ref=sr_1_213?keywords=bracelet+bending+pliers&qid=1656003743&sr=8-213
"Nylon Nose Pliers, Stainless Steel Nylon Jaw Pliers Wire Forming Pliers Bracelet Bending Pliers for Jewelry Making for DIY for Beading for Crafts(Section D)",,$17.60,0%,No reviews,0,https://www.amazon.com/Stainless-Forming-Bracelet-Bending-Jewelry/dp/B09JF81KFF/ref=sr_1_214?keywords=bracelet+bending+pliers&qid=1656003743&sr=8-214
Replacement Jaws (Pair) for Nylon Bracelet Bending Pliers,,$17.15,0%,No reviews,0,https://www.amazon.com/Replacement-Nylon-Bracelet-Bending-Pliers/dp/B0060CSD5Q/ref=sr_1_215?keywords=bracelet+bending+pliers&qid=1656003743&sr=8-215
140 mm Flat and Round Nose Parallel Pliers w/ Extra Nylon Jaw Non-Marring Jewelry Making Repair Wire Forming and Bending Tool,,$23.00,0%,5.0 out of 5 stars,1,https://www.amazon.com/Parallel-Non-Marring-Jewelry-Forming-Bending/dp/B01N6ECADH/ref=sr_1_216?keywords=bracelet+bending+pliers&qid=1656003743&sr=8-216
Jumbo Triangular Mandrel Triangle Wubbers Wire Bending Forming Pliers,,$44.95,0%,4.8 out of 5 stars,12,https://www.amazon.com/Wubbers-Triangular-Mandrel-Pliers-Jumbo/dp/B00CP8BN1K/ref=sr_1_217?keywords=bracelet+bending+pliers&qid=1656003743&sr=8-217
Flat Nylon Jaws Pliers Straight Harden Wire Wrap Bead PL-02 by G.S Online Store,,$8.99,0%,4.4 out of 5 stars,3,https://www.amazon.com/G-S-Pliers-Straight-Harden-Quality/dp/B08424Y5QH/ref=sr_1_218?keywords=bracelet+bending+pliers&qid=1656003743&sr=8-218
"Keadic 9 Pcs Jewelry Pliers and Jewelry Beading Wire Tools Set Includes Needle Nose Pliers, Round Nose Pliers, Wire Cutters and 6 Colors Craft Wire for Crafts, Wire Wrapping, Jewelry Making Supplies",,$16.99,0%,5.0 out of 5 stars,4,https://www.amazon.com/Keadic-Jewelry-Beading-Wrapping-Supplies/dp/B0972J83X2/ref=sr_1_219?keywords=bracelet+bending+pliers&qid=1656003743&sr=8-219
Bracelet Forming Bracelet Jewelry Repair Tool Bending Pliers-jewelry Forming Tool Forming Spring Bending Nylon Jaw Pliers Used to Shape Bracelets Cuffs and Metal Band Blanks,,$14.51,0%,No reviews,0,https://www.amazon.com/Bracelet-Forming-Jewelry-Pliers-jewelry-Bracelets/dp/B08BCHJK9S/ref=sr_1_220?keywords=bracelet+bending+pliers&qid=1656003743&sr=8-220
"Cyrank Jewelry Pliers, Nylon Jaw Flat Nose Pliers for Jewelry Making Bracelet Bending Pliers Jewelry Forming Tool",,$10.85,0%,No reviews,0,https://www.amazon.com/Cyrank-Jewelry-Bracelet-Bending-Forming/dp/B0B25H1R15/ref=sr_1_221?keywords=bracelet+bending+pliers&qid=1656003743&sr=8-221
NIUPIKA Wooden Step Bracelet Mandrel Sizer Adjust Bangle Sizing Wire Wrapping Tool Jewelry Making Tools,,$18.98,0%,4.5 out of 5 stars,402,https://www.amazon.com/NIUPIKA-Bracelet-Mandrel-Wrapping-Jewelry/dp/B01KZLVRKK/ref=sr_1_222?keywords=bracelet+bending+pliers&qid=1656003743&sr=8-222
AAProTools Multi Titanium Rainbow Color Bird Beak Pliers Wire Bending and Loop Forming Pliers,,$12.09,0%,5.0 out of 5 stars,1,https://www.amazon.com/AAProTools-Titanium-Rainbow-Bending-Forming/dp/B07R7HLF1P/ref=sr_1_223?keywords=bracelet+bending+pliers&qid=1656003743&sr=8-223
Flat Jaw Ball End Dimple Pliers 5 mm Jewelry Forming Bending Riveting Pliers,,$16.98,0%,No reviews,0,https://www.amazon.com/Dimple-Jewelry-Forming-Bending-Riveting/dp/B09DJDRX84/ref=sr_1_229?keywords=bracelet+bending+pliers&qid=1656003743&sr=8-229
Wire Looping Pliers 5.24 inch/13.3cm Round Concave Pliers Red Mini Precision Pliers Wire Bending Tools for DIY Jewelry Making Hobby Projects,,$9.99,0%,No reviews,0,https://www.amazon.com/Looping-Concave-Precision-Bending-Projects/dp/B09Q2ZT77W/ref=sr_1_230?keywords=bracelet+bending+pliers&qid=1656003743&sr=8-230
AAProTools Stainless Steel Ring Opening Pliers - Small,,$8.99,0%,4.4 out of 5 stars,53,https://www.amazon.com/AAProTools-Stainless-Steel-Opening-Pliers/dp/B07X85W7T6/ref=sr_1_232?keywords=bracelet+bending+pliers&qid=1656003743&sr=8-232
Beadalon Nylon Jaw Round Nose Pliers,,$13.31,0%,3.9 out of 5 stars,28,https://www.amazon.com/Beadalon-Nylon-Round-Nose-Pliers/dp/B003ZYF2V0/ref=sr_1_233?keywords=bracelet+bending+pliers&qid=1656003743&sr=8-233
"The Beadsmith Chain Nose Pliers – Serrated – Extra Fine Tips – 4.5 inches (114mm) – PVC Grip Handle with Double Leaf Springs – Jewelry Making Tool for Creating Bracelets, Earrings and Necklaces",,$9.89,0%,4.8 out of 5 stars,146,https://www.amazon.com/Beadsmith-Chain-Nose-Pliers-Bracelets/dp/B0163BTNWK/ref=sr_1_234?keywords=bracelet+bending+pliers&qid=1656003743&sr=8-234
"4 Pack Jewelry Pliers Jewelry Making Pliers Tools Kit with Needle Nose Pliers/ Chain Nose Pliers, Round Nose Pliers, Bent Nose Pliers, Wire Cutters for Wire Wrapping Earring Craft Making Supplies",,$8.98,0%,4.4 out of 5 stars,597,https://www.amazon.com/Jewelry-Cutters-Wrapping-Earring-Supplies/dp/B08LL5MFSS/ref=sr_1_235?keywords=bracelet+bending+pliers&qid=1656003743&sr=8-235
PHYHOO Bracelet Mandrel Shaping Bangle Bracelet Sizer Tool with Jewelry Mallet Jeweler's Hammer Bangle Size Measure Gauge,,$18.98,0%,4.3 out of 5 stars,117,https://www.amazon.com/PHYHOO-Shaping-Mandrel-Jewelers-Bracelet/dp/B01J2ZRWWW/ref=sr_1_236?keywords=bracelet+bending+pliers&qid=1656003743&sr=8-236
Tapered Nylon Jaw Pliers | PLR-828.00,,$13.91,0%,4.2 out of 5 stars,84,https://www.amazon.com/Tapered-Nylon-Jaw-Pliers-PLR-828-00/dp/B003Y7J7GO/ref=sr_1_237_mod_primary_new?keywords=bracelet+bending+pliers&qid=1656003743&sbo=RZvfv%2F%2FHxDF%2BO5021pAnSA%3D%3D&sr=8-237
BENECREAT Precision Pliers Round Nose Pliers for Jewelry Making and Other Craft Work,,$9.59,0%,4.8 out of 5 stars,23,https://www.amazon.com/BENECREAT-Precision-Comfort-Pliers-Jewelry/dp/B07D4FD7SL/ref=sr_1_238?keywords=bracelet+bending+pliers&qid=1656003743&sr=8-238
"PRECISE CANADA Nylon-Jaw Chain-Nose Pliers, Delicate Craft Tools, Jewelry Making Supplies Delicate Craft",,$10.99,0%,2.2 out of 5 stars,2,https://www.amazon.com/PRECISE-CANADA-Nylon-Jaw-Chain-Nose-Delicate/dp/B08PCR4GDZ/ref=sr_1_239?keywords=bracelet+bending+pliers&qid=1656003743&sr=8-239
"Stepped Round 3 mm, 4 mm, 5 mm and Concave Parallel Action Pliers 140 mm Jewelry Making Repair Wire Bending and Forming Tool",,$24.95,0%,5.0 out of 5 stars,5,https://www.amazon.com/Stepped-Concave-Parallel-Jewelry-Bending/dp/B018RGNQYA/ref=sr_1_240?keywords=bracelet+bending+pliers&qid=1656003743&sr=8-240
"5 Inch Jewelry Beading Pliers Set, 5Pcs Duckbill Pliers Smooth Jaw, Mini Flat Nose Pliers for Jewelry Making, Wire Wrapping, Zipper Repair - Black",,$12.99,0%,4.2 out of 5 stars,26,https://www.amazon.com/Jewelry-Beading-Pliers-Duckbill-Wrapping/dp/B08772WX5C/ref=sr_1_241?keywords=bracelet+bending+pliers&qid=1656003743&sr=8-241
Round Nose Parallel Pliers 140 mm Smooth Jaws w/ Springs Jewelry Making Repair Wire Forming and Bending Tool,,$19.95,0%,4.9 out of 5 stars,20,https://www.amazon.com/Parallel-Springs-Jewelry-Forming-Bending/dp/B018RGIL2W/ref=sr_1_242?keywords=bracelet+bending+pliers&qid=1656003743&sr=8-242
"Glarks 5Pcs Jewelry Tool Sets Including Wooden Bracelet Sizing Bangle Mandrel, Jewelry Hammer, Jewelry Making Plier, Ring Sizer Guage for Jewelry Making Crafts",,$29.83,0%,5.0 out of 5 stars,8,https://www.amazon.com/Glarks-Jewelry-Including-Bracelet-Mandrel/dp/B097XKRKMV/ref=sr_1_243?keywords=bracelet+bending+pliers&qid=1656003743&sr=8-243
"The Beadsmith Bending and Forming Parallel Plier, 5.25 inches (135mm), Steel tool for jewelry making, with spring handle",$21.99,$15.25,-30.65%,5.0 out of 5 stars,4,https://www.amazon.com/Bending-Forming-Parallel-Plier-135/dp/B00XU223O6/ref=sr_1_244?keywords=bracelet+bending+pliers&qid=1656003743&sr=8-244
Nylon Jaw Chain Nose Pliers For Scratch Free Wire Work,,$16.01,0%,5.0 out of 5 stars,3,https://www.amazon.com/Nylon-Chain-Nose-Pliers-Scratch/dp/B0011GLXK8/ref=sr_1_246?keywords=bracelet+bending+pliers&qid=1656003743&sr=8-246
"Bracelet Bending Pliers, Stainless Steel Jewelry Repair Tool Forming Nylon Jaws Chain Nose Pliers for Bracelets Cuffs and Metal Strip Blanks",,$15.09,0%,No reviews,0,https://www.amazon.com/Bracelet-Bending-Stainless-Jewelry-Bracelets/dp/B09PRMJCXB/ref=sr_1_247?keywords=bracelet+bending+pliers&qid=1656003743&sr=8-247
SunshineFace Bracelet Bending Pliers Bracelet Bending Harder Firm Durable Pliers For Jewelry Making Jewelry Tools Equipments For Shaping Bracelets Cuffs And Metal Strip Blanks,,$22.99,0%,No reviews,0,https://www.amazon.com/SunshineFace-Bracelet-Bending-Equipments-Bracelets/dp/B092VPR5Z5/ref=sr_1_246?keywords=bracelet+bending+pliers&qid=1656003798&sr=8-246
"Jaws Ring Plier, Bracelet Bending Pliers, Stainless Steel Ring Plier Tool Jewelry Pliers Jewelry Making Tools for Bending Rings Jewelry Repair Tool",,$13.97,0%,No reviews,0,https://www.amazon.com/Plier-Bracelet-Bending-Jewelry-Repair/dp/B08JGGV1DD/ref=sr_1_247?keywords=bracelet+bending+pliers&qid=1656003798&sr=8-247
AAProTools One Bracelet Jewelry Repair Tool Forming Spring Bending Nylon Jaws Ring Plier,,$11.69,0%,3.0 out of 5 stars,1,https://www.amazon.com/AAProTools-Bracelet-Jewelry-Forming-Bending/dp/B085NK7MF2/ref=sr_1_248?keywords=bracelet+bending+pliers&qid=1656003798&sr=8-248
"Forca RTGS-290-P Jewelry Parallel Action Snipe Locking Nose Pliers 5.50"" ~ 140mm.",,$35.95,0%,4.3 out of 5 stars,7,https://www.amazon.com/Forca-RTGS-290-P-Jewelry-Parallel-Locking/dp/B00B5ZN3EY/ref=sr_1_249?keywords=bracelet+bending+pliers&qid=1656003798&sr=8-249
Bracelet Bending Jaw Bending Plier Durable Stainless Steel Ergonomically for Other Fine Hobby Work,,$14.19,0%,No reviews,0,https://www.amazon.com/Bracelet-Bending-Durable-Stainless-Ergonomically/dp/B094QKM7JW/ref=sr_1_250?keywords=bracelet+bending+pliers&qid=1656003798&sr=8-250
Pliers - Tronex Round Nose (Long Handle),$55.62,$50.09,-9.94%,4.5 out of 5 stars,43,https://www.amazon.com/Tronex-731-Pliers-Ergonomic-Handles/dp/B000KNSJ7S/ref=sr_1_251?keywords=bracelet+bending+pliers&qid=1656003798&sr=8-251
"Round Nose Pliers, Wire Jewelry Making Tools Bead Pliers for Wire Wrapping, Jump Rings Making, Jewelry Making Supplies, DIY Craft",,$6.59,0%,5.0 out of 5 stars,1,https://www.amazon.com/Pliers-Jewelry-Making-Wrapping-Supplies/dp/B09X9NHCNJ/ref=sr_1_252?keywords=bracelet+bending+pliers&qid=1656003798&sr=8-252
Miland Domed (Synclastic) Bracelet Bending Pliers 1/2 Inch Channel Width,,$59.99,0%,4.0 out of 5 stars,2,https://www.amazon.com/Miland-Synclastic-Bracelet-Bending-Channel/dp/B077WYTZKX/ref=sr_1_253?keywords=bracelet+bending+pliers&qid=1656003798&sr=8-253
Flat JAW Ball END DIMPLE Pliers 7 mm Jewelry Forming Bending RIVETING Pliers,,$18.98,0%,4.0 out of 5 stars,1,https://www.amazon.com/FLAT-BALL-DIMPLE-PLIERS-JEWELRY/dp/B01IPT5G0Q/ref=sr_1_254?keywords=bracelet+bending+pliers&qid=1656003798&sr=8-254
"5"" Concave/Convex Ring Bending Pliers Jewelry Making Beading Wire Working Tool",,$12.95,0%,4.5 out of 5 stars,8,https://www.amazon.com/Concave-Bending-Jewelry-Beading-Working/dp/B072F7ZR6H/ref=sr_1_255?keywords=bracelet+bending+pliers&qid=1656003798&sr=8-255
Ring Bending Bracelet Curving Bending Pliers Jaws Bending Bracelet Plier Jaws Ring Plier Forming Spring Bending Rings,,$13.05,0%,No reviews,0,https://www.amazon.com/Bending-Bracelet-Curving-Pliers-Forming/dp/B0B4P9BFMD/ref=sr_1_261?keywords=bracelet+bending+pliers&qid=1656003798&sr=8-261
Bracelet Forming Bracelet Bending Bracelet Plier Jaws Nylon Jaws Ring Plier tool,,$14.41,0%,No reviews,0,https://www.amazon.com/Bracelet-Forming-Bending-Plier-Nylon/dp/B0B1QBP31T/ref=sr_1_262?keywords=bracelet+bending+pliers&qid=1656003798&sr=8-262
Bracelet Forming Bracelet Bending Bracelet Plier Jaws Bending Nylon Jaws Ring Plier Tool,,$13.16,0%,No reviews,0,https://www.amazon.com/Bracelet-Forming-Bending-Plier-Nylon/dp/B09YP85M75/ref=sr_1_263?keywords=bracelet+bending+pliers&qid=1656003798&sr=8-263
SPEEDWOX Memory Wire Cutters with Spring for Jewelry Making Bracelet Pliers 5-1/2 Inch Miniature Hard Steel Wire Cutting Shear Beading Hobby Work Tool for Arts and Crafts Electronics Jewelry Making,,$9.99,0%,4.5 out of 5 stars,59,https://www.amazon.com/SPEEDWOX-Cutters-Bracelet-Miniature-Electronics/dp/B07SRPKQXD/ref=sr_1_265?keywords=bracelet+bending+pliers&qid=1656003798&sr=8-265
"BOW CLOSING RING BENDING PLIERS V JAW 6"" HEAVY DUTY",,$15.48,0%,3.0 out of 5 stars,1,https://www.amazon.com/CLOSING-RING-BENDING-PLIERS-HEAVY/dp/B01IPLADJI/ref=sr_1_266?keywords=bracelet+bending+pliers&qid=1656003798&sr=8-266
"PH PandaHall 6 Colors Bail Beads Charms, 180pcs Tibetan Silver Bail Tube BeadsCarrier Hanger Links Spacer Bead Loose Beads with Loop Barrel Curved",,$13.19,0%,4.6 out of 5 stars,483,https://www.amazon.com/PH-PandaHall-European-Bracelet-Necklace/dp/B07TMCWPLN/ref=sr_1_267?keywords=bracelet+bending+pliers&qid=1656003798&sr=8-267
Beadthoven Split Ring Opening Pliers Tweezers Opener Tools Jewelry Making Tools Jump Ring Jewelry Pliers for Opening Split Ring or Key Chain Gunmetal Color 140mm,$9.99,$7.99,-20.02%,4.4 out of 5 stars,"1,541",https://www.amazon.com/Beadthoven-Opening-Tweezers-ToolsJump-Gunmetal/dp/B06XSWHPPD/ref=sr_1_268?keywords=bracelet+bending+pliers&qid=1656003798&sr=8-268
"Chain-Nose Parallel Pliers with Spring, 5-1/2 inch long, Smoth Jaws: Apply even pressure every time. Jewelry Making and Repair Tool",,$18.93,0%,4.5 out of 5 stars,35,https://www.amazon.com/Beadsmith-Chain-Nose-Parallel-Plier/dp/B00XU22N6O/ref=sr_1_269?keywords=bracelet+bending+pliers&qid=1656003798&sr=8-269
"Durable Bracelet Bending, Jaws Ring Plier, Comfortable Handle Bracelet Plier Firm for Bending Rings Bracelet Jewelry Repair Tool",,$13.24,0%,No reviews,0,https://www.amazon.com/Durable-Bracelet-Bending-Comfortable-Jewelry/dp/B0B23BT452/ref=sr_1_270?keywords=bracelet+bending+pliers&qid=1656003798&sr=8-270
"LUUFAN Ring Sizer Measuring Tool Set, Jewelry Making Finger Sizing Measuring Models Ring Zooms in and Out Corrector",,$23.99,0%,4.4 out of 5 stars,57,https://www.amazon.com/LUUFAN-Measuring-Jewelry-Making-Corrector/dp/B083SL66L7/ref=sr_1_271?keywords=bracelet+bending+pliers&qid=1656003798&sr=8-271
"5-1/2"" Parallel Action Pliers w/ Removable Nylon Jaw Non-Marring Jewelry Making Wire Sheet Beading Pliers",,$23.50,0%,5.0 out of 5 stars,4,https://www.amazon.com/Parallel-Removable-Non-Marring-Jewelry-Beading/dp/B018RFY0NW/ref=sr_1_277?keywords=bracelet+bending+pliers&qid=1656003798&sr=8-277
Economy Rosary Pliers (Two-in-one plier Round Nose with Side Cutter),,$12.95,0%,4.2 out of 5 stars,5,https://www.amazon.com/Economy-Rosary-Pliers-plier-Cutter/dp/B013PYPQB0/ref=sr_1_278?keywords=bracelet+bending+pliers&qid=1656003798&sr=8-278
Jewelry Pliers Set Includes Round Nose Pliers Wire Cutters Needle Nose Pliers for Jewelry Making Wire Wrapping Beading,,$14.99,0%,4.4 out of 5 stars,71,https://www.amazon.com/Jewelry-Pliers-Cutters-Beading-Crafting/dp/B07PB33PTP/ref=sr_1_279?keywords=bracelet+bending+pliers&qid=1656003798&sr=8-279
German Style Ring Bending and Metal Strip Bending Pliers - SFC Tools - 46-265,,$59.50,0%,1.0 out of 5 stars,1,https://www.amazon.com/German-Style-Bending-Metal-Pliers/dp/B01MY8LCI1/ref=sr_1_280?keywords=bracelet+bending+pliers&qid=1656003798&sr=8-280
Bracelet Bending-Forming Pliers with Nylon Jaws Red Handles,,$13.99,0%,No reviews,0,https://www.amazon.com/Bracelet-Bending-Forming-Pliers-Nylon-Handles/dp/B07ZN86MJ4/ref=sr_1_281?keywords=bracelet+bending+pliers&qid=1656003798&sr=8-281
"YANGQI yaoqijie Bracelet Bending Forming Pliers with Nylon Jaw Accessories, Wire Delicate Craft Tools, Jewelry Making Supplies Lasting (Color : Bracelet plier)",,$32.29,0%,No reviews,0,https://www.amazon.com/YANGQI-yaoqijie-Bracelet-Accessories-Delicate/dp/B09W5PKP9Q/ref=sr_1_282?keywords=bracelet+bending+pliers&qid=1656003798&sr=8-282
"Nylon Jaw Pliers, Bracelet Bending Pliers Durable Jewelry Pliers for Crafts for DIY for Jewelry Making for Beading(Default)",,$17.40,0%,No reviews,0,https://www.amazon.com/Bracelet-Bending-Durable-Jewelry-Beading/dp/B09JG2CR3B/ref=sr_1_283?keywords=bracelet+bending+pliers&qid=1656003798&sr=8-283
"Nylon Jaw Pliers, Jewelry Pliers Kit Durable Bracelet Bending Pliers Nylon Nose Pliers for DIY for Jewelry Making for Crafts for Beading(Section c)",,$17.32,0%,No reviews,0,https://www.amazon.com/Jewelry-Durable-Bracelet-Bending-Beading/dp/B09JFKWSMW/ref=sr_1_285?keywords=bracelet+bending+pliers&qid=1656003798&sr=8-285
"01 Nylon Pliers Sets, Jewelry Pliers Kit Nylon Nose Pliers Bracelet Bending Pliers Durable for Crafts for DIY for Jewelry Making for Beading(Section c)",,$17.43,0%,No reviews,0,https://www.amazon.com/01-Jewelry-Bracelet-Bending-Durable/dp/B09J94PK8L/ref=sr_1_287?keywords=bracelet+bending+pliers&qid=1656003798&sr=8-287
"01 Nylon Pliers Sets, Nylon Nose Pliers Bracelet Bending Pliers for Beading for Jewelry Making for DIY for Crafts(Section c)",,$17.37,0%,No reviews,0,https://www.amazon.com/01-Bracelet-Bending-Beading-Jewelry/dp/B09J8LKHG8/ref=sr_1_288?keywords=bracelet+bending+pliers&qid=1656003798&sr=8-288
ASTER Bracelet Jewelry Helper Tool Bracelet Clamp Jewelry Making Set Necklace Bracelet Watch Fastener for Helping Women,,$6.99,0%,4.4 out of 5 stars,89,https://www.amazon.com/Bracelet-Jewelry-Necklace-Fastener-Helping/dp/B09FY2PNR9/ref=sr_1_289?keywords=bracelet+bending+pliers&qid=1656003798&sr=8-289
The Beadsmith Jewelry Tool - Split Ring Splitring Pliers,,$14.49,0%,3.8 out of 5 stars,33,https://www.amazon.com/Beadsmith-Jewelry-Tool-Splitring-Pliers/dp/B002AM71E4/ref=sr_1_290?keywords=bracelet+bending+pliers&qid=1656003798&sr=8-290
"AAProTools Nylon Jaw Deep Bending Plier, 5-1/2 Inches |",,$11.59,0%,No reviews,0,https://www.amazon.com/AAProTools-Nylon-Bending-Plier-Inches/dp/B089NC4P88/ref=sr_1_291?keywords=bracelet+bending+pliers&qid=1656003798&sr=8-291
"Beadalon Red Handle Chain Nose Pliers, Econo",$9.28,$8.41,-9.37%,3.2 out of 5 stars,12,https://www.amazon.com/Beadalon-Handle-Chain-Pliers-Econo/dp/B004DGISCY/ref=sr_1_292?keywords=bracelet+bending+pliers&qid=1656003798&sr=8-292
"INGCO 4 Pcs Pliers Sets 6” Long Needle Nose Pliers 7"" Diagonal Cutting Pliers 8"" Combination Pliers 10"" Pump Pliers Plier Set with Tool Box HKTV01P041",$40.00,$32.50,-18.75%,4.6 out of 5 stars,"1,703",https://www.amazon.com/Combination-Diagonal-Cutting-Stackable-HKTV01P041/dp/B08JP389NV/ref=sr_1_293?keywords=bracelet+bending+pliers&qid=1656003798&sr=8-293
Brass Jaw Flat Nose Parallel Pliers by TDS,,$17.99,0%,5.0 out of 5 stars,1,https://www.amazon.com/Brass-Flat-Nose-Parallel-Pliers/dp/B07XHTPF7P/ref=sr_1_295?keywords=bracelet+bending+pliers&qid=1656003798&sr=8-295
SFC TOOLS Wrap and Tap Forming Pliers 46-130,,$16.50,0%,4.6 out of 5 stars,14,https://www.amazon.com/SFC-Tools-Forming-Pliers-46-130/dp/B00NO2HD9C/ref=sr_1_296_mod_primary_new?keywords=bracelet+bending+pliers&qid=1656003798&sbo=RZvfv%2F%2FHxDF%2BO5021pAnSA%3D%3D&sr=8-296
"6-1/2"" Wide Jaw Duck Billed Pliers Jewelry Making Wire Forming Pliers",,$15.49,0%,3.5 out of 5 stars,3,https://www.amazon.com/Billed-Pliers-Jewelry-Making-Forming/dp/B01MQTY35V/ref=sr_1_297?keywords=bracelet+bending+pliers&qid=1656003798&sr=8-297
"5 Pieces Multi-Function Pliers Tool Kit Includes Diagonal Pliers, Wire Cutters, Pointed Nose Pliers, Round Nose Pliers, Flat Nose Pliers for Jewelry Nail Beads, Maintenance, Production Supplies",,$10.99,0%,4.1 out of 5 stars,55,https://www.amazon.com/Multi-Function-Diagonal-Maintenance-Production-Supplies/dp/B093GW8132/ref=sr_1_298?keywords=bracelet+bending+pliers&qid=1656003798&sr=8-298
4 PCS Pliers Set including Needle Nose Pliers Round Nose Pliers Wire Cutters Flat Nose Pliers for Jewelry Making,,$14.99,0%,4.5 out of 5 stars,161,https://www.amazon.com/Pliers-Including-Needle-Cutters-Jewelry/dp/B07QLR6MNN/ref=sr_1_300?keywords=bracelet+bending+pliers&qid=1656003798&sr=8-300
SUNNYCLUE 4.9 Inch Round Concave Pliers Wire Looping Pliers Mini Nickel-Iron Precision Pliers Wire Bending Tools for DIY Jewelry Making Hobby Projects Pink,,$13.10,0%,3.7 out of 5 stars,15,https://www.amazon.com/SUNNYCLUE-Concave-Nickel-Iron-Precision-Projects/dp/B08PBLXXQV/ref=sr_1_293?keywords=bracelet+bending+pliers&qid=1656003818&sr=8-293
"Mini Pliers for Jewellery, Crafts and DIY Jewellery Beads Round Nose Pliers Tool Durable and Useful Attractive Processed",,$4.86,0%,No reviews,0,https://www.amazon.com/Pliers-Jewellery-Durable-Attractive-Processed/dp/B0B1HYQQFD/ref=sr_1_294?keywords=bracelet+bending+pliers&qid=1656003818&sr=8-294
"Jewelry Bail Making Pliers Sets, AngleKai 6 IN 1 Wire looper Pliers and Nylon Jaw Flat Nose Pliers Loop Pliers for Jewelry Making, Jump Ring (blue+purple)",,$15.99,0%,4.3 out of 5 stars,214,https://www.amazon.com/Jewelry-Making-Pliers-AngleKai-looper/dp/B092V7RLCX/ref=sr_1_295?keywords=bracelet+bending+pliers&qid=1656003818&sr=8-295
"INGCO 4 Pcs Pliers Sets 6” Long Needle Nose Pliers 7"" Diagonal Cutting Pliers 8"" Combination Pliers 10"" Pump Pliers Plier Set with Tool Box HKTV01P041",$40.00,$32.50,-18.75%,4.6 out of 5 stars,"1,703",https://www.amazon.com/Combination-Diagonal-Cutting-Stackable-HKTV01P041/dp/B08JP389NV/ref=sr_1_296?keywords=bracelet+bending+pliers&qid=1656003818&sr=8-296
"Jaw Bending Plier, Bracelet Plier Bracelet Jewelry Repair Tool for Other Fine Hobby Work for Bracelet Bending",,$14.19,0%,No reviews,0,https://www.amazon.com/Bending-Plier-Bracelet-Jewelry-Repair/dp/B09SFVJSX9/ref=sr_1_297?keywords=bracelet+bending+pliers&qid=1656003818&sr=8-297
"Bending Plier,Bracelet Bent Plier for Watch Repairing Jewelry Making,Wire Wrapping Bending",,$22.29,0%,No reviews,0,https://www.amazon.com/Bending-Bracelet-Repairing-Jewelry-Wrapping/dp/B09RVNVW4Q/ref=sr_1_298?keywords=bracelet+bending+pliers&qid=1656003818&sr=8-298
Bracelet Forming Bracelet Bending Bracelet Plier Jaws Jewelry Repair Tool Forming Spring Bending Nylon Jaws Ring Plier Tool,,$13.16,0%,No reviews,0,https://www.amazon.com/Bracelet-Forming-Bending-Jewelry-Repair/dp/B09RF99227/ref=sr_1_299?keywords=bracelet+bending+pliers&qid=1656003818&sr=8-299
"Xirfuni Durable Bracelet Plier Comfortable Handle Jaws Ring Plier, Bracelet Bending, Bracelet Jewelry Repair Tool for Bending Rings",,$14.06,0%,No reviews,0,https://www.amazon.com/Xirfuni-Durable-Bracelet-Comfortable-Bending/dp/B09QYPMRQ4/ref=sr_1_300?keywords=bracelet+bending+pliers&qid=1656003818&sr=8-300
"Liyeeo Firm Bracelet Bending, Bracelet Plier Jaws Ring Plier, for Bending Rings",,$14.05,0%,No reviews,0,https://www.amazon.com/Liyeeo-Bracelet-Bending-Plier-Rings/dp/B09QYP9HZR/ref=sr_1_301?keywords=bracelet+bending+pliers&qid=1656003818&sr=8-301
"6"" Non-Marring Nylon Ring Holding Grooved Jaw Pliers w/ Replaceable Nylon Jaws Jewelry Making Tool",,$28.95,0%,4.6 out of 5 stars,3,https://www.amazon.com/Non-Marring-Holding-Grooved-Replaceable-Jewelry/dp/B01MRCVAYX/ref=sr_1_302?keywords=bracelet+bending+pliers&qid=1656003818&sr=8-302
"Spire Pair of Optical Pliers Round & Flat Nose Nylon Jaw Set for Jewelry Opticians Repairs (11mm, Replacement double nylon jaw)",,$4.99,0%,4.2 out of 5 stars,57,https://www.amazon.com/Spire-Optical-Jewelry-Opticians-Replacement/dp/B082FP2D47/ref=sr_1_304?keywords=bracelet+bending+pliers&qid=1656003818&sr=8-304
"German Heavy Duty - 6-in-1 Bail-Making Pliers, Loop Sizes 2 – 9 Millimeters, Jewelry Making Supplies with Non-Slip Comfort Grip Handle (Cynamed)",,$12.99,0%,4.7 out of 5 stars,71,https://www.amazon.com/German-Heavy-Duty-Bail-Making-Millimeters/dp/B08747PRSS/ref=sr_1_307?keywords=bracelet+bending+pliers&qid=1656003818&sr=8-307
"Jewelry Pliers, Shynek 6pcs Jewelry Making Pliers Tools with Needle Nose Pliers/Chain Nose Pliers, Round Nose Pliers, Nylon Jaw Pliers, Wire Cutter, Bent Nose Pliers and Crimping Pliers",,$19.99,0%,4.5 out of 5 stars,801,https://www.amazon.com/Jewelry-Pliers-Shynek-Making-Crimping/dp/B081RT45ND/ref=sr_1_308?keywords=bracelet+bending+pliers&qid=1656003818&sr=8-308
Mazbot Memory Wire Looping Pliers,,$16.95,0%,4.7 out of 5 stars,28,https://www.amazon.com/Mazbot-Memory-Wire-Looping-Pliers/dp/B07WNDY58R/ref=sr_1_309?keywords=bracelet+bending+pliers&qid=1656003818&sr=8-309
Bracelet Forming Spring Ring Bending Bracelet Curving Bending Pliers Jaws Ring Plier For Bracelet Jewelry Repair Forming Spring Bending Rings,,$13.15,0%,No reviews,0,https://www.amazon.com/Bracelet-Forming-Bending-Curving-Jewelry/dp/B09NSQYQSD/ref=sr_1_310?keywords=bracelet+bending+pliers&qid=1656003818&sr=8-310
